index,group_var,Classifier_Type,Analysis_Type,Disorder,Balanced_Accuracy,Balanced_Accuracy_SD,Study,p_value,p_value_HolmBonferroni,p_value_BenjaminiHochberg,Significance_Type
1,Angular_Gyrus,Linear_SVM_sklearn,Brain_Region,ASD,0.4647731260590233,0.047355560853950866,ABIDE,0.9837544575243538,1.0,0.9837544575243538,n.s.
2,Central_Opercular_Cortex,Linear_SVM_sklearn,Brain_Region,ASD,0.516732055798726,0.04397012527255921,ABIDE,0.17446248207063692,1.0,0.2616937231059554,n.s.
3,Cingulate_Gyrus_anterior_division,Linear_SVM_sklearn,Brain_Region,ASD,0.5225739673923457,0.04788814000614244,ABIDE,0.10696094087518421,1.0,0.20079108044039098,n.s.
4,Cingulate_Gyrus_posterior_division,Linear_SVM_sklearn,Brain_Region,ASD,0.5220274908092513,0.043988182629891966,ABIDE,0.09929564220860163,1.0,0.20079108044039098,n.s.
5,Cuneal_Cortex,Linear_SVM_sklearn,Brain_Region,ASD,0.5197195795112683,0.040898542102257844,ABIDE,0.12695847778134808,1.0,0.22570396050017436,n.s.
6,Frontal_Medial_Cortex,Linear_SVM_sklearn,Brain_Region,ASD,0.5122130405980625,0.04720161976126728,ABIDE,0.24611445391383324,1.0,0.3474556996430587,n.s.
7,Frontal_Operculum_Cortex,Linear_SVM_sklearn,Brain_Region,ASD,0.5283129946101015,0.04244927603828669,ABIDE,0.058363318644278274,1.0,0.1867626196616905,n.s.
8,Frontal_Orbital_Cortex,Linear_SVM_sklearn,Brain_Region,ASD,0.5243716963261642,0.04274726045115138,ABIDE,0.08158040239033033,1.0,0.20079108044039098,n.s.
9,Frontal_Pole,Linear_SVM_sklearn,Brain_Region,ASD,0.5299668708751125,0.0484311067307054,ABIDE,0.03641111770815416,1.0,0.15888487727194542,Nominal
10,Heschls_Gyrus_includes_H1_and_H2,Linear_SVM_sklearn,Brain_Region,ASD,0.4983673247324896,0.04196880578459897,ABIDE,0.5509233565268057,1.0,0.6309866752615557,n.s.
11,Inferior_Frontal_Gyrus_pars_opercularis,Linear_SVM_sklearn,Brain_Region,ASD,0.5187234611141678,0.04286806889285437,ABIDE,0.14530740747621512,1.0,0.24909841281636877,n.s.
12,Inferior_Frontal_Gyrus_pars_triangularis,Linear_SVM_sklearn,Brain_Region,ASD,0.5427660697812561,0.042334900641690425,ABIDE,0.00643362810522769,0.289513264735246,0.07720353726273227,Nominal
13,Inferior_Temporal_Gyrus_anterior_division,Linear_SVM_sklearn,Brain_Region,ASD,0.5340657155644611,0.04109068752287934,ABIDE,0.02316305980549505,0.949685452025297,0.13587735294623426,Nominal
14,Inferior_Temporal_Gyrus_posterior_division,Linear_SVM_sklearn,Brain_Region,ASD,0.5401102581895525,0.04453273860148457,ABIDE,0.010385949990632101,0.44659584959718035,0.07890564761336136,Nominal
15,Inferior_Temporal_Gyrus_temporooccipital_part,Linear_SVM_sklearn,Brain_Region,ASD,0.4956004508462606,0.0418966070766305,ABIDE,0.5923237915919943,1.0,0.645741698459855,n.s.
16,Insular_Cortex,Linear_SVM_sklearn,Brain_Region,ASD,0.5285798411225442,0.04763265435263656,ABIDE,0.04629780313613093,1.0,0.16071444701775675,Nominal
17,Intracalcarine_Cortex,Linear_SVM_sklearn,Brain_Region,ASD,0.49422375127630275,0.04211529522211769,ABIDE,0.6236981395651122,1.0,0.6508154499809866,n.s.
18,Juxtapositional_Lobule_Cortex_(formerly_Supplementary_Motor_Cortex),Linear_SVM_sklearn,Brain_Region,ASD,0.5215630329334023,0.04653527399886911,ABIDE,0.10225755394581999,1.0,0.20079108044039098,n.s.
19,Lateral_Occipital_Cortex_inferior_division,Linear_SVM_sklearn,Brain_Region,ASD,0.5290859071535916,0.04494223949215272,ABIDE,0.04493308712806893,1.0,0.16071444701775675,Nominal
20,Lateral_Occipital_Cortex_superior_division,Linear_SVM_sklearn,Brain_Region,ASD,0.49560602825522226,0.04541964450654795,ABIDE,0.605382842306114,1.0,0.645741698459855,n.s.
21,Lingual_Gyrus,Linear_SVM_sklearn,Brain_Region,ASD,0.4807502470484215,0.04484392333939054,ABIDE,0.8638061340057117,1.0,0.8821849879207267,n.s.
22,Middle_Frontal_Gyrus,Linear_SVM_sklearn,Brain_Region,ASD,0.5473491704374057,0.04536192728214876,ABIDE,0.0036355319456389218,0.1708700014450293,0.07720353726273227,Nominal
23,Middle_Temporal_Gyrus_anterior_division,Linear_SVM_sklearn,Brain_Region,ASD,0.5029554621653213,0.04602756535067589,ABIDE,0.4090659104832859,1.0,0.5034657359794288,n.s.
24,Middle_Temporal_Gyrus_posterior_division,Linear_SVM_sklearn,Brain_Region,ASD,0.5241109883853025,0.04185258421050473,ABIDE,0.07329715587822133,1.0,0.20079108044039098,n.s.
25,Middle_Temporal_Gyrus_temporooccipital_part,Linear_SVM_sklearn,Brain_Region,ASD,0.5293812224038017,0.04588443711886578,ABIDE,0.046875047046845725,1.0,0.16071444701775675,Nominal
26,Occipital_Fusiform_Gyrus,Linear_SVM_sklearn,Brain_Region,ASD,0.5079113356217819,0.04866535642670153,ABIDE,0.33090197468172994,1.0,0.4412026329089732,n.s.
27,Occipital_Pole,Linear_SVM_sklearn,Brain_Region,ASD,0.5119492873234733,0.044435361675466696,ABIDE,0.2534010810391607,1.0,0.3475214825679918,n.s.
28,Paracingulate_Gyrus,Linear_SVM_sklearn,Brain_Region,ASD,0.5216010619660401,0.04423796533216782,ABIDE,0.10183762799411217,1.0,0.20079108044039098,n.s.
29,Parahippocampal_Gyrus_anterior_division,Linear_SVM_sklearn,Brain_Region,ASD,0.5443104064186054,0.04591680842305056,ABIDE,0.005811368059120077,0.2673229307195235,0.07720353726273227,Nominal
30,Parahippocampal_Gyrus_posterior_division,Linear_SVM_sklearn,Brain_Region,ASD,0.5415141193989812,0.043997457917368615,ABIDE,0.008062651537110834,0.35475666763287667,0.077401454756264,Nominal
31,Parietal_Operculum_Cortex,Linear_SVM_sklearn,Brain_Region,ASD,0.5217934209841971,0.04905109397891584,ABIDE,0.09512420413264769,1.0,0.20079108044039098,n.s.
32,Planum_Polare,Linear_SVM_sklearn,Brain_Region,ASD,0.5166555631745928,0.04897501018371907,ABIDE,0.17381178180793275,1.0,0.2616937231059554,n.s.
33,Planum_Temporale,Linear_SVM_sklearn,Brain_Region,ASD,0.5412369871863306,0.04913474068870689,ABIDE,0.011507073610281865,0.4832970916318383,0.07890564761336136,Nominal
34,Postcentral_Gyrus,Linear_SVM_sklearn,Brain_Region,ASD,0.5211576408449741,0.041738481014057235,ABIDE,0.10876183523854512,1.0,0.20079108044039098,n.s.
35,Precentral_Gyrus,Linear_SVM_sklearn,Brain_Region,ASD,0.5063090726308672,0.040689036588284,ABIDE,0.3482335607832695,1.0,0.45176245723234965,n.s.
36,Precuneous_Cortex,Linear_SVM_sklearn,Brain_Region,ASD,0.5173833808268526,0.04344827335852896,ABIDE,0.15791540548910965,1.0,0.2613772228785263,n.s.
37,Subcallosal_Cortex,Linear_SVM_sklearn,Brain_Region,ASD,0.5139587593378828,0.040242964990337575,ABIDE,0.21596031381827657,1.0,0.3141240928265841,n.s.
38,Superior_Frontal_Gyrus,Linear_SVM_sklearn,Brain_Region,ASD,0.5511479471028953,0.04966506221707143,ABIDE,0.0012326069937008653,0.059165135697641535,0.059165135697641535,Nominal
39,Superior_Parietal_Lobule,Linear_SVM_sklearn,Brain_Region,ASD,0.49784791740233714,0.04030109342988342,ABIDE,0.5521133408538613,1.0,0.6309866752615557,n.s.
40,Superior_Temporal_Gyrus_anterior_division,Linear_SVM_sklearn,Brain_Region,ASD,0.5232237218494825,0.0427970178318013,ABIDE,0.08371970436897802,1.0,0.20079108044039098,n.s.
41,Superior_Temporal_Gyrus_posterior_division,Linear_SVM_sklearn,Brain_Region,ASD,0.5331290017053869,0.046589506222160425,ABIDE,0.028772378384400617,1.0,0.13810741624512296,Nominal
42,Supracalcarine_Cortex,Linear_SVM_sklearn,Brain_Region,ASD,0.5024569581427434,0.043864676709013735,ABIDE,0.44352488810245755,1.0,0.5322298657229491,n.s.
43,Supramarginal_Gyrus_anterior_division,Linear_SVM_sklearn,Brain_Region,ASD,0.525248673740053,0.048052725654089905,ABIDE,0.07690672054990859,1.0,0.20079108044039098,n.s.
44,Supramarginal_Gyrus_posterior_division,Linear_SVM_sklearn,Brain_Region,ASD,0.5055192875698373,0.04009017372781953,ABIDE,0.3887446043756577,1.0,0.49104581605346237,n.s.
45,Temporal_Fusiform_Cortex_anterior_division,Linear_SVM_sklearn,Brain_Region,ASD,0.5160259797762466,0.05135087076245494,ABIDE,0.16509672419234386,1.0,0.2616937231059554,n.s.
46,Temporal_Fusiform_Cortex_posterior_division,Linear_SVM_sklearn,Brain_Region,ASD,0.534919856397117,0.040996778439340506,ABIDE,0.025477003677418928,1.0,0.13587735294623426,Nominal
47,Temporal_Occipital_Fusiform_Cortex,Linear_SVM_sklearn,Brain_Region,ASD,0.4967174963661299,0.040559674532608156,ABIDE,0.5672061460496601,1.0,0.6331603490786903,n.s.
48,Temporal_Pole,Linear_SVM_sklearn,Brain_Region,ASD,0.5242910086692781,0.04527678687431428,ABIDE,0.08570263105033771,1.0,0.20079108044039098,n.s.
75,Left-Accumbens-area,Linear_SVM_sklearn,Brain_Region,ADHD,0.5207954545454545,0.13374359374363506,UCLA_CNP,,,,n.s.
76,Left-Amygdala,Linear_SVM_sklearn,Brain_Region,ADHD,0.505909090909091,0.1287972412376808,UCLA_CNP,,,,n.s.
77,Left-Caudate,Linear_SVM_sklearn,Brain_Region,ADHD,0.4248863636363636,0.14666642377771075,UCLA_CNP,,,,n.s.
78,Left-Hippocampus,Linear_SVM_sklearn,Brain_Region,ADHD,0.46268939393939396,0.14752491280919613,UCLA_CNP,,,,n.s.
79,Left-Pallidum,Linear_SVM_sklearn,Brain_Region,ADHD,0.4813636363636364,0.14128462191519303,UCLA_CNP,,,,n.s.
80,Left-Putamen,Linear_SVM_sklearn,Brain_Region,ADHD,0.4793181818181818,0.12401163828804007,UCLA_CNP,,,,n.s.
81,Left-Thalamus-Proper,Linear_SVM_sklearn,Brain_Region,ADHD,0.5841666666666666,0.13137997609932,UCLA_CNP,,,,n.s.
82,Right-Accumbens-area,Linear_SVM_sklearn,Brain_Region,ADHD,0.48784090909090905,0.1379342505007558,UCLA_CNP,,,,n.s.
83,Right-Amygdala,Linear_SVM_sklearn,Brain_Region,ADHD,0.4531060606060606,0.13171182058710623,UCLA_CNP,,,,n.s.
84,Right-Caudate,Linear_SVM_sklearn,Brain_Region,ADHD,0.5890151515151515,0.13555509282559078,UCLA_CNP,,,,n.s.
85,Right-Hippocampus,Linear_SVM_sklearn,Brain_Region,ADHD,0.5254924242424243,0.13412055839944886,UCLA_CNP,,,,n.s.
86,Right-Pallidum,Linear_SVM_sklearn,Brain_Region,ADHD,0.5329924242424242,0.1432452846401558,UCLA_CNP,,,,n.s.
87,Right-Putamen,Linear_SVM_sklearn,Brain_Region,ADHD,0.46893939393939393,0.12090564253908385,UCLA_CNP,,,,n.s.
88,Right-Thalamus-Proper,Linear_SVM_sklearn,Brain_Region,ADHD,0.5792803030303031,0.14479897249579082,UCLA_CNP,,,,n.s.
89,ctx-lh-bankssts,Linear_SVM_sklearn,Brain_Region,ADHD,0.4360227272727273,0.1283628077161856,UCLA_CNP,,,,n.s.
90,ctx-lh-caudalanteriorcingulate,Linear_SVM_sklearn,Brain_Region,ADHD,0.45329545454545456,0.11227639302695554,UCLA_CNP,,,,n.s.
91,ctx-lh-caudalmiddlefrontal,Linear_SVM_sklearn,Brain_Region,ADHD,0.47571969696969696,0.1359571354534574,UCLA_CNP,,,,n.s.
92,ctx-lh-cuneus,Linear_SVM_sklearn,Brain_Region,ADHD,0.506969696969697,0.1358308897457479,UCLA_CNP,,,,n.s.
93,ctx-lh-entorhinal,Linear_SVM_sklearn,Brain_Region,ADHD,0.45882575757575755,0.1272432705555771,UCLA_CNP,,,,n.s.
94,ctx-lh-frontalpole,Linear_SVM_sklearn,Brain_Region,ADHD,0.57375,0.1494099763081328,UCLA_CNP,,,,n.s.
95,ctx-lh-fusiform,Linear_SVM_sklearn,Brain_Region,ADHD,0.5765530303030303,0.1444653278407685,UCLA_CNP,,,,n.s.
96,ctx-lh-inferiorparietal,Linear_SVM_sklearn,Brain_Region,ADHD,0.4626893939393939,0.14033223546392432,UCLA_CNP,,,,n.s.
97,ctx-lh-inferiortemporal,Linear_SVM_sklearn,Brain_Region,ADHD,0.5375,0.13561495234984433,UCLA_CNP,,,,n.s.
98,ctx-lh-insula,Linear_SVM_sklearn,Brain_Region,ADHD,0.5458712121212121,0.13568909342118066,UCLA_CNP,,,,n.s.
99,ctx-lh-isthmuscingulate,Linear_SVM_sklearn,Brain_Region,ADHD,0.5145833333333334,0.12649241601359876,UCLA_CNP,,,,n.s.
100,ctx-lh-lateraloccipital,Linear_SVM_sklearn,Brain_Region,ADHD,0.47223484848484854,0.1322304688463255,UCLA_CNP,,,,n.s.
101,ctx-lh-lateralorbitofrontal,Linear_SVM_sklearn,Brain_Region,ADHD,0.5220833333333333,0.13760157127645592,UCLA_CNP,,,,n.s.
102,ctx-lh-lingual,Linear_SVM_sklearn,Brain_Region,ADHD,0.4881818181818182,0.11641745292872449,UCLA_CNP,,,,n.s.
103,ctx-lh-medialorbitofrontal,Linear_SVM_sklearn,Brain_Region,ADHD,0.4746590909090909,0.13160825311677543,UCLA_CNP,,,,n.s.
104,ctx-lh-middletemporal,Linear_SVM_sklearn,Brain_Region,ADHD,0.492689393939394,0.1369429746568699,UCLA_CNP,,,,n.s.
105,ctx-lh-paracentral,Linear_SVM_sklearn,Brain_Region,ADHD,0.4752272727272727,0.1125192771995564,UCLA_CNP,,,,n.s.
106,ctx-lh-parahippocampal,Linear_SVM_sklearn,Brain_Region,ADHD,0.56125,0.1493940672552633,UCLA_CNP,,,,n.s.
107,ctx-lh-parsopercularis,Linear_SVM_sklearn,Brain_Region,ADHD,0.5368560606060606,0.12477992494779765,UCLA_CNP,,,,n.s.
108,ctx-lh-parsorbitalis,Linear_SVM_sklearn,Brain_Region,ADHD,0.6234848484848485,0.14358049758291752,UCLA_CNP,,,,n.s.
109,ctx-lh-parstriangularis,Linear_SVM_sklearn,Brain_Region,ADHD,0.5340909090909091,0.13386545284763618,UCLA_CNP,,,,n.s.
110,ctx-lh-pericalcarine,Linear_SVM_sklearn,Brain_Region,ADHD,0.46958333333333335,0.1390113983024468,UCLA_CNP,,,,n.s.
111,ctx-lh-postcentral,Linear_SVM_sklearn,Brain_Region,ADHD,0.43920454545454546,0.12402093476532992,UCLA_CNP,0.8706493766780434,1.0,0.926631852693375,n.s.
112,ctx-lh-posteriorcingulate,Linear_SVM_sklearn,Brain_Region,ADHD,0.5150757575757576,0.15102555193965034,UCLA_CNP,0.36522929805209337,1.0,0.600019561085582,n.s.
113,ctx-lh-precentral,Linear_SVM_sklearn,Brain_Region,ADHD,0.5885606060606061,0.12433536002411309,UCLA_CNP,0.044961580374277124,1.0,0.46705991994146306,Nominal
114,ctx-lh-precuneus,Linear_SVM_sklearn,Brain_Region,ADHD,0.47174242424242424,0.12706747610059776,UCLA_CNP,0.6994441535049878,1.0,0.8466955542428799,n.s.
115,ctx-lh-rostralanteriorcingulate,Linear_SVM_sklearn,Brain_Region,ADHD,0.5008333333333334,0.12902912729106422,UCLA_CNP,0.5009167991415688,1.0,0.7001988973500004,n.s.
116,ctx-lh-rostralmiddlefrontal,Linear_SVM_sklearn,Brain_Region,ADHD,0.4872348484848485,0.1126791834699552,UCLA_CNP,0.5965968230873563,1.0,0.7623181628338441,n.s.
117,ctx-lh-superiorfrontal,Linear_SVM_sklearn,Brain_Region,ADHD,0.4326136363636363,0.11714966737646824,UCLA_CNP,0.9064876819826495,1.0,0.926631852693375,n.s.
118,ctx-lh-superiorparietal,Linear_SVM_sklearn,Brain_Region,ADHD,0.4052272727272727,0.11517927649343973,UCLA_CNP,0.961929146592952,1.0,0.961929146592952,n.s.
119,ctx-lh-superiortemporal,Linear_SVM_sklearn,Brain_Region,ADHD,0.4921969696969697,0.15521371557343175,UCLA_CNP,0.577463793653401,1.0,0.7589524145158983,n.s.
120,ctx-lh-supramarginal,Linear_SVM_sklearn,Brain_Region,ADHD,0.4779924242424242,0.13310946293106463,UCLA_CNP,0.6479292859636676,1.0,0.8055337068737489,n.s.
121,ctx-lh-temporalpole,Linear_SVM_sklearn,Brain_Region,ADHD,0.5018939393939393,0.13791870429982492,UCLA_CNP,0.517538315432609,1.0,0.7001988973500004,n.s.
122,ctx-lh-transversetemporal,Linear_SVM_sklearn,Brain_Region,ADHD,0.4280681818181818,0.12971462841138928,UCLA_CNP,0.9000871567483228,1.0,0.926631852693375,n.s.
123,ctx-rh-bankssts,Linear_SVM_sklearn,Brain_Region,ADHD,0.5649621212121212,0.14853139418855207,UCLA_CNP,0.11396801320819928,1.0,0.48701163393295616,n.s.
124,ctx-rh-caudalanteriorcingulate,Linear_SVM_sklearn,Brain_Region,ADHD,0.4618560606060606,0.12723370263100647,UCLA_CNP,0.7488916093005795,1.0,0.8612253506956664,n.s.
125,ctx-rh-caudalmiddlefrontal,Linear_SVM_sklearn,Brain_Region,ADHD,0.5065530303030303,0.13499622082850166,UCLA_CNP,0.46117540048663425,1.0,0.6843247878188766,n.s.
126,ctx-rh-cuneus,Linear_SVM_sklearn,Brain_Region,ADHD,0.5156060606060606,0.1384690624544508,UCLA_CNP,0.38709595271122177,1.0,0.6140142698178,n.s.
127,ctx-rh-entorhinal,Linear_SVM_sklearn,Brain_Region,ADHD,0.5713257575757575,0.14585090270578574,UCLA_CNP,0.09303671423823724,1.0,0.48701163393295616,n.s.
128,ctx-rh-frontalpole,Linear_SVM_sklearn,Brain_Region,ADHD,0.4330681818181818,0.11395101702816138,UCLA_CNP,0.8940626918553789,1.0,0.926631852693375,n.s.
129,ctx-rh-fusiform,Linear_SVM_sklearn,Brain_Region,ADHD,0.5456060606060606,0.14492669629337843,UCLA_CNP,0.20128962530714706,1.0,0.5144068202293758,n.s.
130,ctx-rh-inferiorparietal,Linear_SVM_sklearn,Brain_Region,ADHD,0.5328030303030303,0.1275772016855798,UCLA_CNP,0.25067060447062284,1.0,0.5471434484405332,n.s.
131,ctx-rh-inferiortemporal,Linear_SVM_sklearn,Brain_Region,ADHD,0.5553030303030303,0.13413152055353394,UCLA_CNP,0.14861217923126888,1.0,0.48701163393295616,n.s.
132,ctx-rh-insula,Linear_SVM_sklearn,Brain_Region,ADHD,0.5646212121212121,0.13012439171713355,UCLA_CNP,0.10603047645958233,1.0,0.48701163393295616,n.s.
133,ctx-rh-isthmuscingulate,Linear_SVM_sklearn,Brain_Region,ADHD,0.6034469696969696,0.1371475433728168,UCLA_CNP,0.02850481683234201,1.0,0.4380919105799695,Nominal
134,ctx-rh-lateraloccipital,Linear_SVM_sklearn,Brain_Region,ADHD,0.5576515151515151,0.1449043541309268,UCLA_CNP,0.13346180911658248,1.0,0.48701163393295616,n.s.
135,ctx-rh-lateralorbitofrontal,Linear_SVM_sklearn,Brain_Region,ADHD,0.529280303030303,0.12906088274801011,UCLA_CNP,0.2777596958237344,1.0,0.5471434484405332,n.s.
136,ctx-rh-lingual,Linear_SVM_sklearn,Brain_Region,ADHD,0.5277651515151515,0.13283301268258474,UCLA_CNP,0.2975271601202111,1.0,0.5471434484405332,n.s.
137,ctx-rh-medialorbitofrontal,Linear_SVM_sklearn,Brain_Region,ADHD,0.5320075757575757,0.1252916927100274,UCLA_CNP,0.27820940940077293,1.0,0.5471434484405332,n.s.
138,ctx-rh-middletemporal,Linear_SVM_sklearn,Brain_Region,ADHD,0.5844318181818182,0.1604527387763837,UCLA_CNP,0.05076738260233295,1.0,0.46705991994146306,n.s.
139,ctx-rh-paracentral,Linear_SVM_sklearn,Brain_Region,ADHD,0.5655681818181818,0.12470421985914339,UCLA_CNP,0.10770099738291994,1.0,0.48701163393295616,n.s.
140,ctx-rh-parahippocampal,Linear_SVM_sklearn,Brain_Region,ADHD,0.5504545454545454,0.1274324594891583,UCLA_CNP,0.16316555674720015,1.0,0.48701163393295616,n.s.
141,ctx-rh-parsopercularis,Linear_SVM_sklearn,Brain_Region,ADHD,0.5326136363636365,0.13208005078905,UCLA_CNP,0.272239779060239,1.0,0.5471434484405332,n.s.
142,ctx-rh-parsorbitalis,Linear_SVM_sklearn,Brain_Region,ADHD,0.5100378787878789,0.1424855441457427,UCLA_CNP,0.41272680977457604,1.0,0.6328477749876833,n.s.
143,ctx-rh-parstriangularis,Linear_SVM_sklearn,Brain_Region,ADHD,0.5774242424242424,0.1490184172174275,UCLA_CNP,0.06386609280760158,1.0,0.48701163393295616,n.s.
144,ctx-rh-pericalcarine,Linear_SVM_sklearn,Brain_Region,ADHD,0.5010606060606061,0.12590983771787348,UCLA_CNP,0.5032573814772262,1.0,0.7001988973500004,n.s.
145,ctx-rh-postcentral,Linear_SVM_sklearn,Brain_Region,ADHD,0.5514772727272728,0.13181006201485038,UCLA_CNP,0.17291362693114942,1.0,0.48701163393295616,n.s.
146,ctx-rh-posteriorcingulate,Linear_SVM_sklearn,Brain_Region,ADHD,0.5967424242424242,0.1320828214064148,UCLA_CNP,0.028571211559563228,1.0,0.4380919105799695,Nominal
147,ctx-rh-precentral,Linear_SVM_sklearn,Brain_Region,ADHD,0.5480303030303031,0.14097469599805384,UCLA_CNP,0.17998256036652727,1.0,0.48701163393295616,n.s.
148,ctx-rh-precuneus,Linear_SVM_sklearn,Brain_Region,ADHD,0.6086363636363636,0.13344350673994515,UCLA_CNP,0.019338220479381243,0.8895581420515372,0.4380919105799695,Nominal
149,ctx-rh-rostralanteriorcingulate,Linear_SVM_sklearn,Brain_Region,ADHD,0.5595833333333333,0.13803147039711827,UCLA_CNP,0.12801323008609436,1.0,0.48701163393295616,n.s.
150,ctx-rh-rostralmiddlefrontal,Linear_SVM_sklearn,Brain_Region,ADHD,0.47090909090909094,0.12352153173012886,UCLA_CNP,0.7453213168079582,1.0,0.8612253506956664,n.s.
151,ctx-rh-superiorfrontal,Linear_SVM_sklearn,Brain_Region,ADHD,0.5470833333333334,0.14374115902541806,UCLA_CNP,0.17937259025111332,1.0,0.48701163393295616,n.s.
152,ctx-rh-superiorparietal,Linear_SVM_sklearn,Brain_Region,ADHD,0.5218181818181818,0.1261031131978648,UCLA_CNP,0.3211494153890086,1.0,0.5471434484405332,n.s.
153,ctx-rh-superiortemporal,Linear_SVM_sklearn,Brain_Region,ADHD,0.5225378787878787,0.12835544602164717,UCLA_CNP,0.31873999316222723,1.0,0.5471434484405332,n.s.
154,ctx-rh-supramarginal,Linear_SVM_sklearn,Brain_Region,ADHD,0.43803030303030305,0.13589681343515086,UCLA_CNP,0.878155853366589,1.0,0.926631852693375,n.s.
155,ctx-rh-temporalpole,Linear_SVM_sklearn,Brain_Region,ADHD,0.5308712121212121,0.13434677318461924,UCLA_CNP,0.26452431310208635,1.0,0.5471434484405332,n.s.
156,ctx-rh-transversetemporal,Linear_SVM_sklearn,Brain_Region,ADHD,0.5257954545454545,0.1427257152522614,UCLA_CNP,0.3077388948027964,1.0,0.5471434484405332,n.s.
183,Left-Accumbens-area,Linear_SVM_sklearn,Brain_Region,BP,0.516719696969697,0.11369212258174197,UCLA_CNP,0.3624362108180464,1.0,0.4448260170999619,n.s.
184,Left-Amygdala,Linear_SVM_sklearn,Brain_Region,BP,0.4874848484848485,0.11535002543633359,UCLA_CNP,0.5864409001474743,1.0,0.6384507949828814,n.s.
185,Left-Caudate,Linear_SVM_sklearn,Brain_Region,BP,0.6521666666666667,0.11972888320092155,UCLA_CNP,0.000688577900605135,0.05577480994901593,0.02554055936862407,Corrected
186,Left-Hippocampus,Linear_SVM_sklearn,Brain_Region,BP,0.6197045454545455,0.12974805894370312,UCLA_CNP,0.007043257851016779,0.5347119300629009,0.06669705548924718,Nominal
187,Left-Pallidum,Linear_SVM_sklearn,Brain_Region,BP,0.5782272727272727,0.13899360023073884,UCLA_CNP,0.06496062958157468,1.0,0.15440950965854716,n.s.
188,Left-Putamen,Linear_SVM_sklearn,Brain_Region,BP,0.5602803030303031,0.13713566000691263,UCLA_CNP,0.11231746899103064,1.0,0.19424081861654366,n.s.
189,Left-Thalamus-Proper,Linear_SVM_sklearn,Brain_Region,BP,0.6511363636363636,0.11866002568497876,UCLA_CNP,0.0009344107086081977,0.07475285668865582,0.02554055936862407,Corrected
190,Right-Accumbens-area,Linear_SVM_sklearn,Brain_Region,BP,0.4823409090909091,0.12676308966087865,UCLA_CNP,0.645398497001308,1.0,0.678495855821888,n.s.
191,Right-Amygdala,Linear_SVM_sklearn,Brain_Region,BP,0.5594848484848485,0.11013767596989106,UCLA_CNP,0.11514695181772786,1.0,0.19424081861654366,n.s.
192,Right-Caudate,Linear_SVM_sklearn,Brain_Region,BP,0.5614621212121212,0.13200463607443774,UCLA_CNP,0.11514255120147592,1.0,0.19424081861654366,n.s.
193,Right-Hippocampus,Linear_SVM_sklearn,Brain_Region,BP,0.6741515151515152,0.14373405681467666,UCLA_CNP,0.00020209009594034173,0.01657138786710802,0.01657138786710802,Corrected
194,Right-Pallidum,Linear_SVM_sklearn,Brain_Region,BP,0.5561515151515152,0.13005281319552572,UCLA_CNP,0.12313750219138882,1.0,0.20194550359387764,n.s.
195,Right-Putamen,Linear_SVM_sklearn,Brain_Region,BP,0.5635757575757576,0.12789711939772194,UCLA_CNP,0.08949989685371053,1.0,0.1779111260032479,n.s.
196,Right-Thalamus-Proper,Linear_SVM_sklearn,Brain_Region,BP,0.6081969696969697,0.1324972822969098,UCLA_CNP,0.014137504847969768,1.0,0.0966062831277934,Nominal
197,ctx-lh-bankssts,Linear_SVM_sklearn,Brain_Region,BP,0.5475606060606061,0.12325309460043703,UCLA_CNP,0.1634955498491266,1.0,0.24502247604794092,n.s.
198,ctx-lh-caudalanteriorcingulate,Linear_SVM_sklearn,Brain_Region,BP,0.4887878787878788,0.14027986991354038,UCLA_CNP,0.5917348831548657,1.0,0.6384507949828814,n.s.
199,ctx-lh-caudalmiddlefrontal,Linear_SVM_sklearn,Brain_Region,BP,0.5876136363636364,0.14014708399748896,UCLA_CNP,0.03442673285755243,1.0,0.12273878670953475,Nominal
200,ctx-lh-cuneus,Linear_SVM_sklearn,Brain_Region,BP,0.5257651515151516,0.13062427455969755,UCLA_CNP,0.3120423670793877,1.0,0.3998042828204655,n.s.
201,ctx-lh-entorhinal,Linear_SVM_sklearn,Brain_Region,BP,0.5357575757575758,0.11655386522426162,UCLA_CNP,0.23910317264467773,1.0,0.3214173796207143,n.s.
202,ctx-lh-frontalpole,Linear_SVM_sklearn,Brain_Region,BP,0.5688560606060605,0.11794199445720509,UCLA_CNP,0.07708868206392278,1.0,0.17084518727680184,n.s.
203,ctx-lh-fusiform,Linear_SVM_sklearn,Brain_Region,BP,0.5918409090909091,0.11899715487464473,UCLA_CNP,0.030122967214038635,1.0,0.11683697623025645,Nominal
204,ctx-lh-inferiorparietal,Linear_SVM_sklearn,Brain_Region,BP,0.6227727272727273,0.12735053902080593,UCLA_CNP,0.007320408529307617,0.5417102311687637,0.06669705548924718,Nominal
205,ctx-lh-inferiortemporal,Linear_SVM_sklearn,Brain_Region,BP,0.5791818181818182,0.13146074383192033,UCLA_CNP,0.04933287400538955,1.0,0.14986361544210894,Nominal
206,ctx-lh-insula,Linear_SVM_sklearn,Brain_Region,BP,0.5399318181818181,0.13121231627443505,UCLA_CNP,0.21112396432517466,1.0,0.2934265266892258,n.s.
207,ctx-lh-isthmuscingulate,Linear_SVM_sklearn,Brain_Region,BP,0.5972121212121212,0.13357945221506226,UCLA_CNP,0.024087709728639575,1.0,0.10973289987491361,Nominal
208,ctx-lh-lateraloccipital,Linear_SVM_sklearn,Brain_Region,BP,0.5844545454545454,0.11574637724539467,UCLA_CNP,0.04188906828971128,1.0,0.137396143990253,Nominal
209,ctx-lh-lateralorbitofrontal,Linear_SVM_sklearn,Brain_Region,BP,0.6006742424242425,0.12166443076033834,UCLA_CNP,0.019074139032535724,1.0,0.10427196004452863,Nominal
210,ctx-lh-lingual,Linear_SVM_sklearn,Brain_Region,BP,0.5157727272727273,0.11471811311157051,UCLA_CNP,0.37277176112364147,1.0,0.4448260170999619,n.s.
211,ctx-lh-medialorbitofrontal,Linear_SVM_sklearn,Brain_Region,BP,0.5572575757575757,0.12148448413726327,UCLA_CNP,0.11236888939431482,1.0,0.19424081861654366,n.s.
212,ctx-lh-middletemporal,Linear_SVM_sklearn,Brain_Region,BP,0.517280303030303,0.11878718651802245,UCLA_CNP,0.3743048192670411,1.0,0.4448260170999619,n.s.
213,ctx-lh-paracentral,Linear_SVM_sklearn,Brain_Region,BP,0.5956666666666667,0.12574988083154684,UCLA_CNP,0.02317504659269439,1.0,0.10973289987491361,Nominal
214,ctx-lh-parahippocampal,Linear_SVM_sklearn,Brain_Region,BP,0.5486590909090909,0.11397968009298057,UCLA_CNP,0.16555049864109048,1.0,0.24502247604794092,n.s.
215,ctx-lh-parsopercularis,Linear_SVM_sklearn,Brain_Region,BP,0.6089545454545455,0.12360196578968333,UCLA_CNP,0.010852674945465926,0.7813925960735466,0.08090175868438235,Nominal
216,ctx-lh-parsorbitalis,Linear_SVM_sklearn,Brain_Region,BP,0.47567424242424244,0.12018002085687207,UCLA_CNP,0.670658105446314,1.0,0.6789378351431821,n.s.
217,ctx-lh-parstriangularis,Linear_SVM_sklearn,Brain_Region,BP,0.4764242424242424,0.1262780651717972,UCLA_CNP,0.6667900850118919,1.0,0.6789378351431821,n.s.
218,ctx-lh-pericalcarine,Linear_SVM_sklearn,Brain_Region,BP,0.5428030303030303,0.12900859298918432,UCLA_CNP,0.202099774781697,1.0,0.285727267794813,n.s.
219,ctx-lh-postcentral,Linear_SVM_sklearn,Brain_Region,BP,0.6290681818181818,0.13904822878419623,UCLA_CNP,0.004192128163123088,0.32279386856047776,0.057292418229348864,Nominal
220,ctx-lh-posteriorcingulate,Linear_SVM_sklearn,Brain_Region,BP,0.5428030303030303,0.1360521516471996,UCLA_CNP,0.20207482186500808,1.0,0.285727267794813,n.s.
221,ctx-lh-precentral,Linear_SVM_sklearn,Brain_Region,BP,0.5896818181818182,0.12786670595305755,UCLA_CNP,0.030431083263357247,1.0,0.11683697623025645,Nominal
222,ctx-lh-precuneus,Linear_SVM_sklearn,Brain_Region,BP,0.5789090909090909,0.12183826454344875,UCLA_CNP,0.05476903132015135,1.0,0.14986361544210894,n.s.
223,ctx-lh-rostralanteriorcingulate,Linear_SVM_sklearn,Brain_Region,BP,0.5522121212121212,0.12854920717474996,UCLA_CNP,0.14685587153671026,1.0,0.23158041280788924,n.s.
224,ctx-lh-rostralmiddlefrontal,Linear_SVM_sklearn,Brain_Region,BP,0.5040757575757575,0.12089632972250056,UCLA_CNP,0.4755652120100583,1.0,0.5317554096963879,n.s.
225,ctx-lh-superiorfrontal,Linear_SVM_sklearn,Brain_Region,BP,0.5198787878787879,0.11358610867122486,UCLA_CNP,0.36272323290638386,1.0,0.4448260170999619,n.s.
226,ctx-lh-superiorparietal,Linear_SVM_sklearn,Brain_Region,BP,0.5896060606060606,0.12877257691915078,UCLA_CNP,0.029225119128011918,1.0,0.11683697623025645,Nominal
227,ctx-lh-superiortemporal,Linear_SVM_sklearn,Brain_Region,BP,0.5360757575757575,0.13887710860801492,UCLA_CNP,0.23478895567543318,1.0,0.320878239423092,n.s.
228,ctx-lh-supramarginal,Linear_SVM_sklearn,Brain_Region,BP,0.5258106060606061,0.12584376137918274,UCLA_CNP,0.28878995107428534,1.0,0.37588533314430794,n.s.
229,ctx-lh-temporalpole,Linear_SVM_sklearn,Brain_Region,BP,0.5826666666666667,0.11447012161729436,UCLA_CNP,0.0525648274845602,1.0,0.14986361544210894,n.s.
230,ctx-lh-transversetemporal,Linear_SVM_sklearn,Brain_Region,BP,0.5673333333333334,0.12525239936010735,UCLA_CNP,0.08396164598847454,1.0,0.1779111260032479,n.s.
231,ctx-rh-bankssts,Linear_SVM_sklearn,Brain_Region,BP,0.5476287878787879,0.12241486304939504,UCLA_CNP,0.1673324226668865,1.0,0.24502247604794092,n.s.
232,ctx-rh-caudalanteriorcingulate,Linear_SVM_sklearn,Brain_Region,BP,0.6052803030303031,0.1349125877685512,UCLA_CNP,0.016204562149162594,1.0,0.10221339201779482,Nominal
233,ctx-rh-caudalmiddlefrontal,Linear_SVM_sklearn,Brain_Region,BP,0.5710681818181819,0.13239539942312004,UCLA_CNP,0.06778954082570364,1.0,0.15440950965854716,n.s.
234,ctx-rh-cuneus,Linear_SVM_sklearn,Brain_Region,BP,0.5153863636363636,0.12603274274833864,UCLA_CNP,0.39505723361697964,1.0,0.4627813308084619,n.s.
235,ctx-rh-entorhinal,Linear_SVM_sklearn,Brain_Region,BP,0.4815378787878788,0.12588090392653203,UCLA_CNP,0.6590725495451671,1.0,0.6789378351431821,n.s.
236,ctx-rh-frontalpole,Linear_SVM_sklearn,Brain_Region,BP,0.5756515151515151,0.11599980845294898,UCLA_CNP,0.05535522511330139,1.0,0.14986361544210894,n.s.
237,ctx-rh-fusiform,Linear_SVM_sklearn,Brain_Region,BP,0.5301060606060606,0.1299374601180858,UCLA_CNP,0.2844871796201171,1.0,0.37588533314430794,n.s.
238,ctx-rh-inferiorparietal,Linear_SVM_sklearn,Brain_Region,BP,0.5689545454545455,0.1423427296389976,UCLA_CNP,0.09137782456707394,1.0,0.1779111260032479,n.s.
239,ctx-rh-inferiortemporal,Linear_SVM_sklearn,Brain_Region,BP,0.46665151515151515,0.12837236396600868,UCLA_CNP,0.7601348466357759,1.0,0.7601348466357759,n.s.
240,ctx-rh-insula,Linear_SVM_sklearn,Brain_Region,BP,0.6330681818181818,0.1268396994028044,UCLA_CNP,0.002258442885425819,0.1784169879486397,0.046298079151229285,Corrected
241,ctx-rh-isthmuscingulate,Linear_SVM_sklearn,Brain_Region,BP,0.5191818181818182,0.12935115481870801,UCLA_CNP,0.36911974441930956,1.0,0.4448260170999619,n.s.
242,ctx-rh-lateraloccipital,Linear_SVM_sklearn,Brain_Region,BP,0.5842727272727273,0.124379488700411,UCLA_CNP,0.03705352702986624,1.0,0.12659955068537632,Nominal
243,ctx-rh-lateralorbitofrontal,Linear_SVM_sklearn,Brain_Region,BP,0.5759696969696969,0.13461291041138487,UCLA_CNP,0.06624830381474801,1.0,0.15440950965854716,n.s.
244,ctx-rh-lingual,Linear_SVM_sklearn,Brain_Region,BP,0.5042575757575758,0.1321332542609157,UCLA_CNP,0.4790792781009405,1.0,0.5317554096963879,n.s.
245,ctx-rh-medialorbitofrontal,Linear_SVM_sklearn,Brain_Region,BP,0.5736515151515151,0.12504340547366363,UCLA_CNP,0.06388594738168178,1.0,0.15440950965854716,n.s.
246,ctx-rh-middletemporal,Linear_SVM_sklearn,Brain_Region,BP,0.5909166666666666,0.11564821944093412,UCLA_CNP,0.03134650581787368,1.0,0.11683697623025645,Nominal
247,ctx-rh-paracentral,Linear_SVM_sklearn,Brain_Region,BP,0.5810909090909091,0.12506659976444792,UCLA_CNP,0.0556903931145825,1.0,0.14986361544210894,n.s.
248,ctx-rh-parahippocampal,Linear_SVM_sklearn,Brain_Region,BP,0.617719696969697,0.12951942500332228,UCLA_CNP,0.010067777685206893,0.7349477710201032,0.08090175868438235,Nominal
249,ctx-rh-parsopercularis,Linear_SVM_sklearn,Brain_Region,BP,0.6171818181818182,0.14039499280491952,UCLA_CNP,0.007035683290301326,0.5347119300629009,0.06669705548924718,Nominal
250,ctx-rh-parsorbitalis,Linear_SVM_sklearn,Brain_Region,BP,0.5015454545454545,0.1353147652901939,UCLA_CNP,0.4798768331406427,1.0,0.5317554096963879,n.s.
251,ctx-rh-parstriangularis,Linear_SVM_sklearn,Brain_Region,BP,0.5462651515151515,0.1281568768740539,UCLA_CNP,0.16357033055094083,1.0,0.24502247604794092,n.s.
252,ctx-rh-pericalcarine,Linear_SVM_sklearn,Brain_Region,BP,0.5034090909090909,0.1136721451675396,UCLA_CNP,0.47925315396091733,1.0,0.5317554096963879,n.s.
253,ctx-rh-postcentral,Linear_SVM_sklearn,Brain_Region,BP,0.5978712121212122,0.13565881239135377,UCLA_CNP,0.0183758302866481,1.0,0.10427196004452863,Nominal
254,ctx-rh-posteriorcingulate,Linear_SVM_sklearn,Brain_Region,BP,0.5551212121212121,0.12085030365213165,UCLA_CNP,0.13529264219978998,1.0,0.21752934628201528,n.s.
255,ctx-rh-precentral,Linear_SVM_sklearn,Brain_Region,BP,0.5652575757575757,0.1359818917735641,UCLA_CNP,0.0914589631320741,1.0,0.1779111260032479,n.s.
256,ctx-rh-precuneus,Linear_SVM_sklearn,Brain_Region,BP,0.5600378787878788,0.12884428512326374,UCLA_CNP,0.1160707330757395,1.0,0.19424081861654366,n.s.
257,ctx-rh-rostralanteriorcingulate,Linear_SVM_sklearn,Brain_Region,BP,0.5978939393939394,0.1285331020313323,UCLA_CNP,0.02035144832776744,1.0,0.10430117267980812,Nominal
258,ctx-rh-rostralmiddlefrontal,Linear_SVM_sklearn,Brain_Region,BP,0.48310606060606065,0.13515570925670445,UCLA_CNP,0.6434146344730867,1.0,0.678495855821888,n.s.
259,ctx-rh-superiorfrontal,Linear_SVM_sklearn,Brain_Region,BP,0.5653712121212121,0.12339612503837351,UCLA_CNP,0.09329485875780073,1.0,0.1779111260032479,n.s.
260,ctx-rh-superiorparietal,Linear_SVM_sklearn,Brain_Region,BP,0.5583863636363636,0.13143039084447838,UCLA_CNP,0.11305945391342076,1.0,0.19424081861654366,n.s.
261,ctx-rh-superiortemporal,Linear_SVM_sklearn,Brain_Region,BP,0.6288106060606061,0.134393328374785,UCLA_CNP,0.003529067417031801,0.2752672585284805,0.057292418229348864,Nominal
262,ctx-rh-supramarginal,Linear_SVM_sklearn,Brain_Region,BP,0.5706439393939394,0.11395478166669436,UCLA_CNP,0.09281187760226457,1.0,0.1779111260032479,n.s.
263,ctx-rh-temporalpole,Linear_SVM_sklearn,Brain_Region,BP,0.5734015151515152,0.12589123040780703,UCLA_CNP,0.05714075956214159,1.0,0.14986361544210894,n.s.
264,ctx-rh-transversetemporal,Linear_SVM_sklearn,Brain_Region,BP,0.5748106060606061,0.11411705164114125,UCLA_CNP,0.05848336212374983,1.0,0.14986361544210894,n.s.
291,Left-Accumbens-area,Linear_SVM_sklearn,Brain_Region,SCZ,0.5727575757575757,0.12432055185744456,UCLA_CNP,0.07563240534239563,1.0,0.10880451294870949,n.s.
292,Left-Amygdala,Linear_SVM_sklearn,Brain_Region,SCZ,0.5714242424242424,0.12372486771755785,UCLA_CNP,0.06727935724712773,1.0,0.1023231076228611,n.s.
293,Left-Caudate,Linear_SVM_sklearn,Brain_Region,SCZ,0.5527045454545455,0.12076426939712126,UCLA_CNP,0.15452015946233516,1.0,0.1863331334692865,n.s.
294,Left-Hippocampus,Linear_SVM_sklearn,Brain_Region,SCZ,0.5269772727272727,0.1310450084138293,UCLA_CNP,0.27646643112195923,1.0,0.3148645465555647,n.s.
295,Left-Pallidum,Linear_SVM_sklearn,Brain_Region,SCZ,0.49796969696969695,0.12874803035010096,UCLA_CNP,0.48976354680078943,1.0,0.5215663745151263,n.s.
296,Left-Putamen,Linear_SVM_sklearn,Brain_Region,SCZ,0.5900151515151515,0.130488660743352,UCLA_CNP,0.02578451012367223,1.0,0.05714404946327359,Nominal
297,Left-Thalamus-Proper,Linear_SVM_sklearn,Brain_Region,SCZ,0.6146515151515152,0.12871656770024031,UCLA_CNP,0.007276693206075286,0.44387828557059245,0.025657474673804283,Corrected
298,Right-Accumbens-area,Linear_SVM_sklearn,Brain_Region,SCZ,0.5777272727272728,0.1441496378291691,UCLA_CNP,0.046384160703681,1.0,0.08040801659230114,Nominal
299,Right-Amygdala,Linear_SVM_sklearn,Brain_Region,SCZ,0.6527575757575758,0.11990686111016212,UCLA_CNP,0.001072888592057197,0.07510220144400379,0.006767451119130012,Corrected
300,Right-Caudate,Linear_SVM_sklearn,Brain_Region,SCZ,0.6044848484848484,0.11918592107987601,UCLA_CNP,0.019513774389396322,0.9952024938592124,0.04876935969359149,Corrected
301,Right-Hippocampus,Linear_SVM_sklearn,Brain_Region,SCZ,0.5796742424242425,0.12409194971258639,UCLA_CNP,0.05748019834745319,1.0,0.09241914244100317,n.s.
302,Right-Pallidum,Linear_SVM_sklearn,Brain_Region,SCZ,0.5613181818181818,0.12756740068469682,UCLA_CNP,0.10652507690953411,1.0,0.13648525479034057,n.s.
303,Right-Putamen,Linear_SVM_sklearn,Brain_Region,SCZ,0.5192878787878787,0.10225339181688019,UCLA_CNP,0.3428076097677725,1.0,0.379867891904829,n.s.
304,Right-Thalamus-Proper,Linear_SVM_sklearn,Brain_Region,SCZ,0.5739393939393939,0.12364358995368667,UCLA_CNP,0.07346793613779397,1.0,0.10757804934462688,n.s.
305,ctx-lh-bankssts,Linear_SVM_sklearn,Brain_Region,SCZ,0.6701818181818182,0.10753670876967665,UCLA_CNP,0.0003595173545265514,0.027323318944017908,0.004211489010168173,Corrected
306,ctx-lh-caudalanteriorcingulate,Linear_SVM_sklearn,Brain_Region,SCZ,0.6571666666666667,0.12541498857344777,UCLA_CNP,0.0006460294239761072,0.04780617737423193,0.005486029567100883,Corrected
307,ctx-lh-caudalmiddlefrontal,Linear_SVM_sklearn,Brain_Region,SCZ,0.5913712121212121,0.1376291856961214,UCLA_CNP,0.030499556206170522,1.0,0.06443957303972082,Nominal
308,ctx-lh-cuneus,Linear_SVM_sklearn,Brain_Region,SCZ,0.6759166666666667,0.11248546333523825,UCLA_CNP,0.00021783968183980532,0.016991495183504814,0.0035725707821728067,Corrected
309,ctx-lh-entorhinal,Linear_SVM_sklearn,Brain_Region,SCZ,0.5009621212121211,0.13541968521682737,UCLA_CNP,0.4876014030631858,1.0,0.5215663745151263,n.s.
310,ctx-lh-frontalpole,Linear_SVM_sklearn,Brain_Region,SCZ,0.5932121212121212,0.13246439942541796,UCLA_CNP,0.030648089616452583,1.0,0.06443957303972082,Nominal
311,ctx-lh-fusiform,Linear_SVM_sklearn,Brain_Region,SCZ,0.5548257575757576,0.12548408527797356,UCLA_CNP,0.13916421935137246,1.0,0.17032038786287376,n.s.
312,ctx-lh-inferiorparietal,Linear_SVM_sklearn,Brain_Region,SCZ,0.6175984848484848,0.12224706692024251,UCLA_CNP,0.007508658388307192,0.4505195032984315,0.025657474673804283,Corrected
313,ctx-lh-inferiortemporal,Linear_SVM_sklearn,Brain_Region,SCZ,0.6033030303030302,0.12124485516067052,UCLA_CNP,0.016856127122385964,0.8978412026654072,0.044587174968891904,Corrected
314,ctx-lh-insula,Linear_SVM_sklearn,Brain_Region,SCZ,0.6515151515151516,0.1242855308318949,UCLA_CNP,0.0006006769952824397,0.04505077464618298,0.005486029567100883,Corrected
315,ctx-lh-isthmuscingulate,Linear_SVM_sklearn,Brain_Region,SCZ,0.5834318181818182,0.11917915873664295,UCLA_CNP,0.041430768398000604,1.0,0.07766438554233211,Nominal
316,ctx-lh-lateraloccipital,Linear_SVM_sklearn,Brain_Region,SCZ,0.653030303030303,0.10641600561970085,UCLA_CNP,0.0008869317515927292,0.06297215436308377,0.006060700302550316,Corrected
317,ctx-lh-lateralorbitofrontal,Linear_SVM_sklearn,Brain_Region,SCZ,0.570310606060606,0.12819321536685724,UCLA_CNP,0.0840777438481233,1.0,0.11490624992576852,n.s.
318,ctx-lh-lingual,Linear_SVM_sklearn,Brain_Region,SCZ,0.641659090909091,0.12761377588309772,UCLA_CNP,0.0027994954906300387,0.1875661978722126,0.014347414389478948,Corrected
319,ctx-lh-medialorbitofrontal,Linear_SVM_sklearn,Brain_Region,SCZ,0.5677121212121212,0.11896172870255864,UCLA_CNP,0.0908635143168716,1.0,0.12017432538683018,n.s.
320,ctx-lh-middletemporal,Linear_SVM_sklearn,Brain_Region,SCZ,0.47578787878787876,0.12314361203549327,UCLA_CNP,0.6753857260860182,1.0,0.7010332853044746,n.s.
321,ctx-lh-paracentral,Linear_SVM_sklearn,Brain_Region,SCZ,0.5985833333333334,0.13750768495145452,UCLA_CNP,0.019626693535225843,0.9952024938592124,0.04876935969359149,Corrected
322,ctx-lh-parahippocampal,Linear_SVM_sklearn,Brain_Region,SCZ,0.5343863636363636,0.1254437123429323,UCLA_CNP,0.2543641860118895,1.0,0.29377272187288644,n.s.
323,ctx-lh-parsopercularis,Linear_SVM_sklearn,Brain_Region,SCZ,0.5675833333333333,0.11067267277897352,UCLA_CNP,0.08146017843568273,1.0,0.11321584121569465,n.s.
324,ctx-lh-parsorbitalis,Linear_SVM_sklearn,Brain_Region,SCZ,0.48766666666666664,0.13425745158175986,UCLA_CNP,0.5803089470716661,1.0,0.6100683802548286,n.s.
325,ctx-lh-parstriangularis,Linear_SVM_sklearn,Brain_Region,SCZ,0.513560606060606,0.11067168826744442,UCLA_CNP,0.39399407315121665,1.0,0.4307668533119968,n.s.
326,ctx-lh-pericalcarine,Linear_SVM_sklearn,Brain_Region,SCZ,0.7266136363636363,0.11209973481826993,UCLA_CNP,2.8406762115926325e-06,0.00023293544935059585,0.00023293544935059585,Corrected
327,ctx-lh-postcentral,Linear_SVM_sklearn,Brain_Region,SCZ,0.5870227272727273,0.12158658368764398,UCLA_CNP,0.04026555227464141,1.0,0.07766438554233211,Nominal
328,ctx-lh-posteriorcingulate,Linear_SVM_sklearn,Brain_Region,SCZ,0.57375,0.1219363681609058,UCLA_CNP,0.0673835098979817,1.0,0.1023231076228611,n.s.
329,ctx-lh-precentral,Linear_SVM_sklearn,Brain_Region,SCZ,0.5797727272727272,0.1246179150844559,UCLA_CNP,0.05414954731219531,1.0,0.09061760978775542,n.s.
330,ctx-lh-precuneus,Linear_SVM_sklearn,Brain_Region,SCZ,0.6800151515151515,0.1104616621609385,UCLA_CNP,9.518913719501223e-05,0.007615130975600978,0.0026018364166636673,Corrected
331,ctx-lh-rostralanteriorcingulate,Linear_SVM_sklearn,Brain_Region,SCZ,0.5405606060606061,0.1464547675652588,UCLA_CNP,0.19788444344490402,1.0,0.2351670197461178,n.s.
332,ctx-lh-rostralmiddlefrontal,Linear_SVM_sklearn,Brain_Region,SCZ,0.5289545454545455,0.13444219789783227,UCLA_CNP,0.252731358555062,1.0,0.29377272187288644,n.s.
333,ctx-lh-superiorfrontal,Linear_SVM_sklearn,Brain_Region,SCZ,0.5822878787878788,0.1389790916701327,UCLA_CNP,0.04706810727354213,1.0,0.08040801659230114,Nominal
334,ctx-lh-superiorparietal,Linear_SVM_sklearn,Brain_Region,SCZ,0.5741439393939394,0.12994147698298997,UCLA_CNP,0.05679227347017257,1.0,0.09241914244100317,n.s.
335,ctx-lh-superiortemporal,Linear_SVM_sklearn,Brain_Region,SCZ,0.6150681818181818,0.13493228545732158,UCLA_CNP,0.007509504782576864,0.4505195032984315,0.025657474673804283,Corrected
336,ctx-lh-supramarginal,Linear_SVM_sklearn,Brain_Region,SCZ,0.6157878787878788,0.1267949165689312,UCLA_CNP,0.011911691079559942,0.6739408580222056,0.03617624698236723,Corrected
337,ctx-lh-temporalpole,Linear_SVM_sklearn,Brain_Region,SCZ,0.6214848484848485,0.12880910176417792,UCLA_CNP,0.006708541671758923,0.42105291098131703,0.025657474673804283,Corrected
338,ctx-lh-transversetemporal,Linear_SVM_sklearn,Brain_Region,SCZ,0.5519242424242424,0.12474503126057411,UCLA_CNP,0.1373531860986986,1.0,0.17032038786287376,n.s.
339,ctx-rh-bankssts,Linear_SVM_sklearn,Brain_Region,SCZ,0.5670075757575758,0.12087348314369627,UCLA_CNP,0.09639171111087326,1.0,0.12546222716018424,n.s.
340,ctx-rh-caudalanteriorcingulate,Linear_SVM_sklearn,Brain_Region,SCZ,0.5889545454545455,0.11959643947828923,UCLA_CNP,0.03664471386525773,1.0,0.07382236557338534,Nominal
341,ctx-rh-caudalmiddlefrontal,Linear_SVM_sklearn,Brain_Region,SCZ,0.5256136363636363,0.14038007798208296,UCLA_CNP,0.2938342836293917,1.0,0.33006042818644,n.s.
342,ctx-rh-cuneus,Linear_SVM_sklearn,Brain_Region,SCZ,0.6925757575757576,0.1264436260060181,UCLA_CNP,4.9675859355554566e-05,0.00402374460779992,0.002036710233577737,Corrected
343,ctx-rh-entorhinal,Linear_SVM_sklearn,Brain_Region,SCZ,0.5659924242424242,0.13190131456193618,UCLA_CNP,0.08900852801394221,1.0,0.11965080814988953,n.s.
344,ctx-rh-frontalpole,Linear_SVM_sklearn,Brain_Region,SCZ,0.567219696969697,0.11755767939923911,UCLA_CNP,0.08044175488083467,1.0,0.11321584121569465,n.s.
345,ctx-rh-fusiform,Linear_SVM_sklearn,Brain_Region,SCZ,0.5552121212121213,0.11821665446870182,UCLA_CNP,0.1242339896704195,1.0,0.15672595619960614,n.s.
346,ctx-rh-inferiorparietal,Linear_SVM_sklearn,Brain_Region,SCZ,0.5743787878787878,0.12493221859297693,UCLA_CNP,0.07214392849990897,1.0,0.10756003885440975,n.s.
347,ctx-rh-inferiortemporal,Linear_SVM_sklearn,Brain_Region,SCZ,0.47241666666666665,0.12581242488442315,UCLA_CNP,0.6964463050032895,1.0,0.7138574626283717,n.s.
348,ctx-rh-insula,Linear_SVM_sklearn,Brain_Region,SCZ,0.58475,0.13826069030543509,UCLA_CNP,0.03691118278669267,1.0,0.07382236557338534,Nominal
349,ctx-rh-isthmuscingulate,Linear_SVM_sklearn,Brain_Region,SCZ,0.6423636363636364,0.1239323850756163,UCLA_CNP,0.002574681845914249,0.17507836552216893,0.014074927424331227,Corrected
350,ctx-rh-lateraloccipital,Linear_SVM_sklearn,Brain_Region,SCZ,0.6759924242424242,0.12079726483970567,UCLA_CNP,0.0001808786279422773,0.014289411607439906,0.0035725707821728067,Corrected
351,ctx-rh-lateralorbitofrontal,Linear_SVM_sklearn,Brain_Region,SCZ,0.6154015151515151,0.11342752235926294,UCLA_CNP,0.011823523824950976,0.6739408580222056,0.03617624698236723,Corrected
352,ctx-rh-lingual,Linear_SVM_sklearn,Brain_Region,SCZ,0.6580227272727273,0.1072477233967491,UCLA_CNP,0.0006690279959879126,0.04883904370711762,0.005486029567100883,Corrected
353,ctx-rh-medialorbitofrontal,Linear_SVM_sklearn,Brain_Region,SCZ,0.6069696969696969,0.13134213319626942,UCLA_CNP,0.014290755215027788,0.7859915368265283,0.04185149741543852,Corrected
354,ctx-rh-middletemporal,Linear_SVM_sklearn,Brain_Region,SCZ,0.6290075757575757,0.11339517793390802,UCLA_CNP,0.004168480814977916,0.2751197337885425,0.020106789813422888,Corrected
355,ctx-rh-paracentral,Linear_SVM_sklearn,Brain_Region,SCZ,0.595030303030303,0.11806223101980408,UCLA_CNP,0.02324086421331293,1.0,0.05293752404143501,Nominal
356,ctx-rh-parahippocampal,Linear_SVM_sklearn,Brain_Region,SCZ,0.58475,0.13546590249468732,UCLA_CNP,0.046847326835896194,1.0,0.08040801659230114,Nominal
357,ctx-rh-parsopercularis,Linear_SVM_sklearn,Brain_Region,SCZ,0.6137878787878788,0.1357496892386548,UCLA_CNP,0.008613442425171695,0.49957966065995835,0.02825209115456316,Corrected
358,ctx-rh-parsorbitalis,Linear_SVM_sklearn,Brain_Region,SCZ,0.5745530303030303,0.12874804003098,UCLA_CNP,0.06277264686306006,1.0,0.09898763543790239,n.s.
359,ctx-rh-parstriangularis,Linear_SVM_sklearn,Brain_Region,SCZ,0.5884545454545455,0.11179853094333503,UCLA_CNP,0.04167357273003187,1.0,0.07766438554233211,Nominal
360,ctx-rh-pericalcarine,Linear_SVM_sklearn,Brain_Region,SCZ,0.6663712121212122,0.1308581018679389,UCLA_CNP,0.0003518048949346223,0.027088976909965916,0.004211489010168173,Corrected
361,ctx-rh-postcentral,Linear_SVM_sklearn,Brain_Region,SCZ,0.6461666666666668,0.12277892986394749,UCLA_CNP,0.0008407513009217261,0.06053409366636427,0.006060700302550316,Corrected
362,ctx-rh-posteriorcingulate,Linear_SVM_sklearn,Brain_Region,SCZ,0.6008560606060606,0.12960277377845641,UCLA_CNP,0.01677224191657337,0.8978412026654072,0.044587174968891904,Corrected
363,ctx-rh-precentral,Linear_SVM_sklearn,Brain_Region,SCZ,0.6037121212121213,0.11195923387718372,UCLA_CNP,0.01662668893824828,0.8978412026654072,0.044587174968891904,Corrected
364,ctx-rh-precuneus,Linear_SVM_sklearn,Brain_Region,SCZ,0.6233257575757576,0.13341341018425665,UCLA_CNP,0.006683379539385984,0.42105291098131703,0.025657474673804283,Corrected
365,ctx-rh-rostralanteriorcingulate,Linear_SVM_sklearn,Brain_Region,SCZ,0.4726136363636364,0.11850079072321679,UCLA_CNP,0.7163234233865231,1.0,0.7251669224406777,n.s.
366,ctx-rh-rostralmiddlefrontal,Linear_SVM_sklearn,Brain_Region,SCZ,0.5840681818181818,0.13061481937703562,UCLA_CNP,0.04341770056131935,1.0,0.07911669880062637,Nominal
367,ctx-rh-superiorfrontal,Linear_SVM_sklearn,Brain_Region,SCZ,0.5994318181818182,0.12950548087572233,UCLA_CNP,0.02071682187085324,1.0,0.04996409980617546,Corrected
368,ctx-rh-superiorparietal,Linear_SVM_sklearn,Brain_Region,SCZ,0.5974772727272728,0.12814153222812216,UCLA_CNP,0.022923445923306127,1.0,0.05293752404143501,Nominal
369,ctx-rh-superiortemporal,Linear_SVM_sklearn,Brain_Region,SCZ,0.6412651515151515,0.14103926169330078,UCLA_CNP,0.002181905314534815,0.15055146670290223,0.01277973112798963,Corrected
370,ctx-rh-supramarginal,Linear_SVM_sklearn,Brain_Region,SCZ,0.6224772727272727,0.1383688425229706,UCLA_CNP,0.00565667856058166,0.3676841064378079,0.024785226092697094,Corrected
371,ctx-rh-temporalpole,Linear_SVM_sklearn,Brain_Region,SCZ,0.4625,0.1275615691681251,UCLA_CNP,0.7778720824237715,1.0,0.7778720824237715,n.s.
372,ctx-rh-transversetemporal,Linear_SVM_sklearn,Brain_Region,SCZ,0.6242651515151515,0.12697295394117483,UCLA_CNP,0.0057429182409907895,0.3676841064378079,0.024785226092697094,Corrected
