Sample_ID,Study
sub-10159,UCLA_CNP
sub-10171,UCLA_CNP
sub-10189,UCLA_CNP
sub-10206,UCLA_CNP
sub-10217,UCLA_CNP
sub-10225,UCLA_CNP
sub-10228,UCLA_CNP
sub-10249,UCLA_CNP
sub-10269,UCLA_CNP
sub-10273,UCLA_CNP
sub-10274,UCLA_CNP
sub-10280,UCLA_CNP
sub-10290,UCLA_CNP
sub-10292,UCLA_CNP
sub-10304,UCLA_CNP
sub-10316,UCLA_CNP
sub-10321,UCLA_CNP
sub-10325,UCLA_CNP
sub-10329,UCLA_CNP
sub-10339,UCLA_CNP
sub-10340,UCLA_CNP
sub-10345,UCLA_CNP
sub-10347,UCLA_CNP
sub-10356,UCLA_CNP
sub-10361,UCLA_CNP
sub-10365,UCLA_CNP
sub-10376,UCLA_CNP
sub-10377,UCLA_CNP
sub-10388,UCLA_CNP
sub-10429,UCLA_CNP
sub-10438,UCLA_CNP
sub-10440,UCLA_CNP
sub-10448,UCLA_CNP
sub-10455,UCLA_CNP
sub-10471,UCLA_CNP
sub-10478,UCLA_CNP
sub-10487,UCLA_CNP
sub-10492,UCLA_CNP
sub-10506,UCLA_CNP
sub-10517,UCLA_CNP
sub-10523,UCLA_CNP
sub-10525,UCLA_CNP
sub-10527,UCLA_CNP
sub-10530,UCLA_CNP
sub-10557,UCLA_CNP
sub-10565,UCLA_CNP
sub-10570,UCLA_CNP
sub-10575,UCLA_CNP
sub-10624,UCLA_CNP
sub-10629,UCLA_CNP
sub-10631,UCLA_CNP
sub-10638,UCLA_CNP
sub-10668,UCLA_CNP
sub-10672,UCLA_CNP
sub-10674,UCLA_CNP
sub-10678,UCLA_CNP
sub-10680,UCLA_CNP
sub-10686,UCLA_CNP
sub-10692,UCLA_CNP
sub-10696,UCLA_CNP
sub-10697,UCLA_CNP
sub-10704,UCLA_CNP
sub-10707,UCLA_CNP
sub-10708,UCLA_CNP
sub-10719,UCLA_CNP
sub-10724,UCLA_CNP
sub-10746,UCLA_CNP
sub-10762,UCLA_CNP
sub-10779,UCLA_CNP
sub-10785,UCLA_CNP
sub-10788,UCLA_CNP
sub-10844,UCLA_CNP
sub-10855,UCLA_CNP
sub-10871,UCLA_CNP
sub-10877,UCLA_CNP
sub-10882,UCLA_CNP
sub-10891,UCLA_CNP
sub-10893,UCLA_CNP
sub-10912,UCLA_CNP
sub-10934,UCLA_CNP
sub-10940,UCLA_CNP
sub-10949,UCLA_CNP
sub-10958,UCLA_CNP
sub-10963,UCLA_CNP
sub-10968,UCLA_CNP
sub-10975,UCLA_CNP
sub-10977,UCLA_CNP
sub-10987,UCLA_CNP
sub-11019,UCLA_CNP
sub-11030,UCLA_CNP
sub-11044,UCLA_CNP
sub-11050,UCLA_CNP
sub-11052,UCLA_CNP
sub-11059,UCLA_CNP
sub-11061,UCLA_CNP
sub-11062,UCLA_CNP
sub-11066,UCLA_CNP
sub-11067,UCLA_CNP
sub-11068,UCLA_CNP
sub-11077,UCLA_CNP
sub-11088,UCLA_CNP
sub-11090,UCLA_CNP
sub-11097,UCLA_CNP
sub-11098,UCLA_CNP
sub-11104,UCLA_CNP
sub-11105,UCLA_CNP
sub-11106,UCLA_CNP
sub-11108,UCLA_CNP
sub-11112,UCLA_CNP
sub-11122,UCLA_CNP
sub-11128,UCLA_CNP
sub-11131,UCLA_CNP
sub-11142,UCLA_CNP
sub-11143,UCLA_CNP
sub-11149,UCLA_CNP
sub-11156,UCLA_CNP
sub-50005,UCLA_CNP
sub-50006,UCLA_CNP
sub-50007,UCLA_CNP
sub-50008,UCLA_CNP
sub-50010,UCLA_CNP
sub-50013,UCLA_CNP
sub-50014,UCLA_CNP
sub-50015,UCLA_CNP
sub-50016,UCLA_CNP
sub-50020,UCLA_CNP
sub-50021,UCLA_CNP
sub-50022,UCLA_CNP
sub-50023,UCLA_CNP
sub-50025,UCLA_CNP
sub-50027,UCLA_CNP
sub-50029,UCLA_CNP
sub-50032,UCLA_CNP
sub-50033,UCLA_CNP
sub-50034,UCLA_CNP
sub-50035,UCLA_CNP
sub-50036,UCLA_CNP
sub-50038,UCLA_CNP
sub-50043,UCLA_CNP
sub-50047,UCLA_CNP
sub-50048,UCLA_CNP
sub-50049,UCLA_CNP
sub-50050,UCLA_CNP
sub-50051,UCLA_CNP
sub-50052,UCLA_CNP
sub-50053,UCLA_CNP
sub-50054,UCLA_CNP
sub-50055,UCLA_CNP
sub-50056,UCLA_CNP
sub-50058,UCLA_CNP
sub-50059,UCLA_CNP
sub-50060,UCLA_CNP
sub-50061,UCLA_CNP
sub-50064,UCLA_CNP
sub-50066,UCLA_CNP
sub-50067,UCLA_CNP
sub-50069,UCLA_CNP
sub-50073,UCLA_CNP
sub-50075,UCLA_CNP
sub-50076,UCLA_CNP
sub-50080,UCLA_CNP
sub-50081,UCLA_CNP
sub-50083,UCLA_CNP
sub-50085,UCLA_CNP
sub-60001,UCLA_CNP
sub-60005,UCLA_CNP
sub-60006,UCLA_CNP
sub-60008,UCLA_CNP
sub-60010,UCLA_CNP
sub-60011,UCLA_CNP
sub-60012,UCLA_CNP
sub-60014,UCLA_CNP
sub-60015,UCLA_CNP
sub-60016,UCLA_CNP
sub-60017,UCLA_CNP
sub-60020,UCLA_CNP
sub-60021,UCLA_CNP
sub-60022,UCLA_CNP
sub-60028,UCLA_CNP
sub-60030,UCLA_CNP
sub-60033,UCLA_CNP
sub-60036,UCLA_CNP
sub-60037,UCLA_CNP
sub-60038,UCLA_CNP
sub-60042,UCLA_CNP
sub-60043,UCLA_CNP
sub-60045,UCLA_CNP
sub-60046,UCLA_CNP
sub-60048,UCLA_CNP
sub-60049,UCLA_CNP
sub-60051,UCLA_CNP
sub-60052,UCLA_CNP
sub-60053,UCLA_CNP
sub-60055,UCLA_CNP
sub-60056,UCLA_CNP
sub-60057,UCLA_CNP
sub-60060,UCLA_CNP
sub-60062,UCLA_CNP
sub-60065,UCLA_CNP
sub-60066,UCLA_CNP
sub-60068,UCLA_CNP
sub-60070,UCLA_CNP
sub-60072,UCLA_CNP
sub-60073,UCLA_CNP
sub-60074,UCLA_CNP
sub-60076,UCLA_CNP
sub-60077,UCLA_CNP
sub-60078,UCLA_CNP
sub-60079,UCLA_CNP
sub-60080,UCLA_CNP
sub-60084,UCLA_CNP
sub-60087,UCLA_CNP
sub-60089,UCLA_CNP
sub-70001,UCLA_CNP
sub-70004,UCLA_CNP
sub-70007,UCLA_CNP
sub-70010,UCLA_CNP
sub-70015,UCLA_CNP
sub-70017,UCLA_CNP
sub-70021,UCLA_CNP
sub-70022,UCLA_CNP
sub-70026,UCLA_CNP
sub-70029,UCLA_CNP
sub-70033,UCLA_CNP
sub-70034,UCLA_CNP
sub-70037,UCLA_CNP
sub-70040,UCLA_CNP
sub-70046,UCLA_CNP
sub-70048,UCLA_CNP
sub-70049,UCLA_CNP
sub-70051,UCLA_CNP
sub-70052,UCLA_CNP
sub-70055,UCLA_CNP
sub-70057,UCLA_CNP
sub-70058,UCLA_CNP
sub-70060,UCLA_CNP
sub-70061,UCLA_CNP
sub-70065,UCLA_CNP
sub-70068,UCLA_CNP
sub-70069,UCLA_CNP
sub-70070,UCLA_CNP
sub-70072,UCLA_CNP
sub-70073,UCLA_CNP
sub-70074,UCLA_CNP
sub-70075,UCLA_CNP
sub-70076,UCLA_CNP
sub-70077,UCLA_CNP
sub-70079,UCLA_CNP
sub-70080,UCLA_CNP
sub-70081,UCLA_CNP
sub-70083,UCLA_CNP
sub-70086,UCLA_CNP
10021451277603445196,ABIDE
10029697720152867006,ABIDE
10032124555180513796,ABIDE
10041812196024233386,ABIDE
10053945767847916051,ABIDE
10056200270967610506,ABIDE
10067917802557274289,ABIDE
10074191492374027123,ABIDE
10092698803000222344,ABIDE
10099127552657342413,ABIDE
10099936579161184393,ABIDE
10130486593752564404,ABIDE
10153018411680292124,ABIDE
10161770777745132926,ABIDE
10173121077614834201,ABIDE
1017735555248006999,ABIDE
10178099150156294020,ABIDE
10208754341494896398,ABIDE
10219322676643534800,ABIDE
10234977762451712415,ABIDE
10235875936123668788,ABIDE
10261285957746607157,ABIDE
10338390913857035714,ABIDE
10349801147471445893,ABIDE
10349930541170148474,ABIDE
10355606907404320986,ABIDE
10363471767878896270,ABIDE
10371343641078012541,ABIDE
10392960014855671024,ABIDE
10444261448397743506,ABIDE
10479245965332784569,ABIDE
10487291684804455262,ABIDE
10489936382846127480,ABIDE
10533678816842710640,ABIDE
10533814209676998102,ABIDE
10541734540335286958,ABIDE
10577571661706406846,ABIDE
10579639876711238759,ABIDE
10610419104306878778,ABIDE
10631804530197433027,ABIDE
10635394287048248528,ABIDE
10645466564919190227,ABIDE
10668930679697848959,ABIDE
10701764679296524398,ABIDE
10704575160524395891,ABIDE
10725774587130516765,ABIDE
10728507698668099013,ABIDE
10747244671915986845,ABIDE
10751738218159205922,ABIDE
10763516405701393523,ABIDE
1081163329290702744,ABIDE
10837064816367727325,ABIDE
10850954797295559203,ABIDE
10888189783548635961,ABIDE
1088963203025926792,ABIDE
10891312175476305226,ABIDE
10894254169765500855,ABIDE
10937541063821923222,ABIDE
10939937375266737016,ABIDE
1095186611555530853,ABIDE
10969268826835971904,ABIDE
1097479203354431514,ABIDE
10976455235926682941,ABIDE
1098417988006458381,ABIDE
10999653377826445863,ABIDE
11037545252055351772,ABIDE
11063493347128341906,ABIDE
11142603724876559919,ABIDE
11150497814872825245,ABIDE
1116857503192028252,ABIDE
11199113312045815323,ABIDE
11205705854955854893,ABIDE
11211779999008243459,ABIDE
11215274205986078664,ABIDE
11216601981006960514,ABIDE
11250732751596491772,ABIDE
11279663522595593464,ABIDE
1128718448818508051,ABIDE
11290162998483579594,ABIDE
11298146104575054853,ABIDE
11306563944409717118,ABIDE
11321911823643200724,ABIDE
11338998855918763,ABIDE
11355700117245476472,ABIDE
11359354778039298242,ABIDE
11372259924037431790,ABIDE
11376693238223767158,ABIDE
11388386247846375656,ABIDE
1139731751850986969,ABIDE
11400501782842924730,ABIDE
11423075398546923195,ABIDE
11439418614778211922,ABIDE
1144260026452912469,ABIDE
11448406121970560090,ABIDE
11455886067993676029,ABIDE
11465886302538632874,ABIDE
11479071121107659837,ABIDE
11491978955633073245,ABIDE
11530578323476198375,ABIDE
11589489344450896135,ABIDE
11594500875815279867,ABIDE
11604436042838992233,ABIDE
1163875908328696281,ABIDE
11641861253725393085,ABIDE
11653108669153423900,ABIDE
11675481097715069736,ABIDE
11688451720454955744,ABIDE
11723007971726512929,ABIDE
11724843499212268823,ABIDE
11735429915193850108,ABIDE
11748546997753654793,ABIDE
11750934158358785864,ABIDE
1176023215155805810,ABIDE
11782397523805637910,ABIDE
11784540523848236,ABIDE
11819802855660000703,ABIDE
11823591413784470348,ABIDE
11831489119676836631,ABIDE
1183723458906492545,ABIDE
11846281372939131853,ABIDE
11858436998726961072,ABIDE
1188369147071585300,ABIDE
11884750554207142807,ABIDE
11896622760834371917,ABIDE
1189696158181009297,ABIDE
11914947177169130679,ABIDE
11934046218515133155,ABIDE
11950482223479152486,ABIDE
11993593859811700647,ABIDE
12017417879396901503,ABIDE
12021101294481477462,ABIDE
12022383940409300677,ABIDE
1202716107065832125,ABIDE
12031283436536760308,ABIDE
12053401612515916048,ABIDE
12053739195619749554,ABIDE
12074718120658994140,ABIDE
1211471732336797033,ABIDE
12122589220295925288,ABIDE
12135394258681837947,ABIDE
12143331051363263668,ABIDE
12160216729933676765,ABIDE
1220685971125577168,ABIDE
12261741850773416433,ABIDE
12270917460047792526,ABIDE
12294924223862031042,ABIDE
12305871541711473974,ABIDE
12382760978405107138,ABIDE
12417953620936911004,ABIDE
12435800724703612980,ABIDE
12439090865782272193,ABIDE
12439394516663437200,ABIDE
12444902917581479775,ABIDE
12453292323503755193,ABIDE
12454922043124104719,ABIDE
12480415542320603941,ABIDE
12484982250365917906,ABIDE
12501988041882556746,ABIDE
12503627818342412543,ABIDE
12535680106438785445,ABIDE
12560894819241919036,ABIDE
12567707188966144319,ABIDE
12571515783301748525,ABIDE
1257282764944562522,ABIDE
12623566787263908075,ABIDE
12624005009203552541,ABIDE
12628903829469593958,ABIDE
12638132172884727287,ABIDE
12644784343067380994,ABIDE
12675051168291185507,ABIDE
12702196004164046107,ABIDE
12730198853511258549,ABIDE
12734488077106259775,ABIDE
12740671629216678541,ABIDE
1274194040684564043,ABIDE
12787650247533706862,ABIDE
12812888539530389933,ABIDE
12815504956029482416,ABIDE
12823278122728297433,ABIDE
12896556828270347268,ABIDE
12924025599802062128,ABIDE
12936027060285992322,ABIDE
12948529044288639975,ABIDE
12968903930513802786,ABIDE
12972534867986283484,ABIDE
12976147391659741754,ABIDE
12985369440532873942,ABIDE
12985463103660308783,ABIDE
13020145920443495987,ABIDE
13063542053481878255,ABIDE
13067002953621155980,ABIDE
13073035520285569870,ABIDE
13074387659537598346,ABIDE
13083446669897933226,ABIDE
13087471779524657806,ABIDE
13099691578576846101,ABIDE
13103194320687479467,ABIDE
131065908653224685,ABIDE
1311441277144240808,ABIDE
13123586785653050523,ABIDE
13131114100940646779,ABIDE
13145746095096481167,ABIDE
13153000042793550295,ABIDE
13171514902629030045,ABIDE
13197297942884175833,ABIDE
13197686826974629308,ABIDE
13208229676097712929,ABIDE
13220138082676366670,ABIDE
13230130375195912932,ABIDE
13253788979376924234,ABIDE
13329740785674347730,ABIDE
13338504497773132966,ABIDE
1334586378303275412,ABIDE
13346957486772337670,ABIDE
13366203996253482977,ABIDE
13381056719830046628,ABIDE
13389111313437688997,ABIDE
13396705134303608036,ABIDE
13404470288245579984,ABIDE
13412900432960043095,ABIDE
13428217585966419105,ABIDE
13460923944027338033,ABIDE
1348633531744777638,ABIDE
13496616811204824577,ABIDE
13499515233927750299,ABIDE
13499596453316929822,ABIDE
13539783587562981160,ABIDE
13550633197929573941,ABIDE
13579724907581819285,ABIDE
13588996308080228544,ABIDE
13596087962729085415,ABIDE
13598463158021827504,ABIDE
13604824462064039449,ABIDE
13610720216630748473,ABIDE
13627241156392510434,ABIDE
13632947694851692159,ABIDE
13647359474905609517,ABIDE
1365914147755336721,ABIDE
13687884399854835348,ABIDE
13707365586629516949,ABIDE
13713970874223437252,ABIDE
13733665782978307681,ABIDE
13738536793884153051,ABIDE
13755623571008103579,ABIDE
13770611441359397736,ABIDE
13796036108605498459,ABIDE
13821439105702251507,ABIDE
13837396042122455622,ABIDE
13850975699695040111,ABIDE
13904717272596715686,ABIDE
13918139140392999025,ABIDE
13943730779654449528,ABIDE
13950776268310885314,ABIDE
1395281409987959154,ABIDE
13986003836320600884,ABIDE
13997015773493938229,ABIDE
14005897068990362113,ABIDE
14016759976745635145,ABIDE
14026224711185706377,ABIDE
14030583262395524584,ABIDE
14047095530733325828,ABIDE
14060746149864861806,ABIDE
14066106109371167731,ABIDE
14086532067949863917,ABIDE
14109513015452416221,ABIDE
14114871539942389097,ABIDE
14187405285457245445,ABIDE
14190770443123765424,ABIDE
14197848063624617989,ABIDE
1421062207004519757,ABIDE
14215559514914982154,ABIDE
14268064505829803699,ABIDE
14273650653022500214,ABIDE
14280045705732589053,ABIDE
14307032419968243801,ABIDE
14317174464489491051,ABIDE
14332112920777842174,ABIDE
14341198040678484016,ABIDE
14346674999179759204,ABIDE
1436546773455146619,ABIDE
14368667551838288163,ABIDE
14383505943327373487,ABIDE
14440273744556291411,ABIDE
14455070988318575472,ABIDE
14478664443489530792,ABIDE
14481915591461293022,ABIDE
14512541342641936232,ABIDE
14558061505271144649,ABIDE
14571095540426654590,ABIDE
1457303212383435708,ABIDE
14574839054952285581,ABIDE
14575290185869544989,ABIDE
14595553645552536240,ABIDE
14605425250157380711,ABIDE
14626748405519757843,ABIDE
14636170697229969952,ABIDE
14661172306020020468,ABIDE
14664825938006475960,ABIDE
1466811726833680904,ABIDE
14669341322803994997,ABIDE
14689199669360122327,ABIDE
14702476425097003925,ABIDE
14707481906077415431,ABIDE
14712506221147475267,ABIDE
14720029994731556396,ABIDE
14742614366026401791,ABIDE
1476829686784480699,ABIDE
14773275056305166320,ABIDE
1481422034939942578,ABIDE
14864612286913071396,ABIDE
14899377696487833990,ABIDE
14908751833716001101,ABIDE
14914158026742807856,ABIDE
14931995825220742252,ABIDE
14963134795288486944,ABIDE
14966565796905119418,ABIDE
14977817875568556591,ABIDE
14991584324203407320,ABIDE
15008384218384940908,ABIDE
15009499410484275773,ABIDE
15012382626510413974,ABIDE
15043977795550985213,ABIDE
15062414865859585534,ABIDE
15063451430112335996,ABIDE
15073137616021835821,ABIDE
15103433802028186730,ABIDE
15153758654927608710,ABIDE
15156789682402724878,ABIDE
15167830415790607462,ABIDE
15184638385522838832,ABIDE
15192653114671416593,ABIDE
15195024714854490904,ABIDE
15198501092494055387,ABIDE
15223365591029903899,ABIDE
1523534012102530735,ABIDE
15260113634386916158,ABIDE
15260766170783415029,ABIDE
15290803926421235144,ABIDE
15291146613312661592,ABIDE
15292933651713076968,ABIDE
15295528772008681472,ABIDE
15340561888633036497,ABIDE
15341704203615139229,ABIDE
1535923903606265321,ABIDE
15364248248783799099,ABIDE
15374639578945815076,ABIDE
15396697709888231235,ABIDE
15410488061536562505,ABIDE
15413333890919912073,ABIDE
15433081487435637772,ABIDE
15450256107048346888,ABIDE
15469730098671991405,ABIDE
15500069168749300965,ABIDE
15514661473229321647,ABIDE
15515851136534044494,ABIDE
15527716545296994338,ABIDE
15533938102961737789,ABIDE
15538060260354439689,ABIDE
15549752693684240883,ABIDE
15552394485638720754,ABIDE
15568653163935184106,ABIDE
15581415739887790767,ABIDE
15608025842498069159,ABIDE
15613350875495577926,ABIDE
1563109039696102034,ABIDE
15631503550600403718,ABIDE
15632143337475166470,ABIDE
15637173698903370497,ABIDE
15654917881623029418,ABIDE
15677303501404370653,ABIDE
15680715926403849325,ABIDE
15688108430408029034,ABIDE
15764392539102107290,ABIDE
15768998521767640504,ABIDE
15781124530333779226,ABIDE
15783213536717762490,ABIDE
15799254567528600989,ABIDE
15799704361969840854,ABIDE
15837205863233486849,ABIDE
15840797305258599257,ABIDE
15845317443819261764,ABIDE
1584668254983296253,ABIDE
15888719602830108057,ABIDE
15894330186341478080,ABIDE
15901081093667167055,ABIDE
15901819299704350508,ABIDE
15941928780885363153,ABIDE
15952805104663724697,ABIDE
15992837514426409589,ABIDE
15999841200829943902,ABIDE
16006668720974170983,ABIDE
16025299368055843231,ABIDE
16031952631757658521,ABIDE
16041192712760860060,ABIDE
16045985821033593265,ABIDE
16090538264572795678,ABIDE
16094824667438833662,ABIDE
16104105895167255235,ABIDE
16129036547470352532,ABIDE
16144022764247854978,ABIDE
16165833174614224131,ABIDE
16180367826618545516,ABIDE
16192051552404929513,ABIDE
16195331984964795597,ABIDE
16247414732548817249,ABIDE
16248401048394011528,ABIDE
16258817516874944318,ABIDE
16264515273668617846,ABIDE
16293485569559664059,ABIDE
16320897940370019778,ABIDE
16344266295855811161,ABIDE
1635745618329934506,ABIDE
16389900804497512249,ABIDE
16395241182713282239,ABIDE
16402702630566339486,ABIDE
1641101332796582774,ABIDE
16419156420633931412,ABIDE
16426819163120184923,ABIDE
16460552096872721021,ABIDE
16465314040568417192,ABIDE
1647555153831478102,ABIDE
16492881644309151456,ABIDE
1649386102216115132,ABIDE
16514318575797848027,ABIDE
16533095516129264415,ABIDE
16540741697120312903,ABIDE
16568104772541006935,ABIDE
16612291264878519531,ABIDE
16619254113396913552,ABIDE
16638049522113999228,ABIDE
1664260083095789162,ABIDE
16646973146424831288,ABIDE
16653395447554605567,ABIDE
1665792970184349622,ABIDE
16660686853384821137,ABIDE
16663842111935453117,ABIDE
16666159496972005109,ABIDE
16694513013430914275,ABIDE
16703053595650989675,ABIDE
16704855496263315505,ABIDE
16712395586601486105,ABIDE
16757429644096522955,ABIDE
16766282493623965796,ABIDE
16768422038404906001,ABIDE
16778528452218243582,ABIDE
16781319900788830303,ABIDE
16794018761635513448,ABIDE
16805537570807718027,ABIDE
16896648939360734983,ABIDE
16899547687835687350,ABIDE
16920778076049876087,ABIDE
16936265781202181983,ABIDE
16991850377080962063,ABIDE
1699461880084806549,ABIDE
17009794694787795642,ABIDE
1701209031159362402,ABIDE
17048463602876142765,ABIDE
17050378710372502381,ABIDE
17050946261130830078,ABIDE
17103376801495123938,ABIDE
1710516632823910472,ABIDE
17113208951586398635,ABIDE
1711749423820760510,ABIDE
17126438435398394588,ABIDE
1714482726798917234,ABIDE
17210435262866808356,ABIDE
17219921875923146763,ABIDE
17233423196726438850,ABIDE
17238590406114473148,ABIDE
17241221489974852113,ABIDE
17262125998121571776,ABIDE
17264664015822666957,ABIDE
17285614611827588330,ABIDE
17311673854362828456,ABIDE
17312169635100022894,ABIDE
17324188939917935469,ABIDE
17353302079621853523,ABIDE
17359081410485284978,ABIDE
17390507787169020687,ABIDE
17419851265404351070,ABIDE
17434771209086744799,ABIDE
1743722736902154042,ABIDE
1744403328962333398,ABIDE
1744519555854734907,ABIDE
17469302153520254702,ABIDE
17485054134707162761,ABIDE
17501320691287082011,ABIDE
17508556348529558294,ABIDE
17520830259575136382,ABIDE
17546726458731669620,ABIDE
17559188398721154713,ABIDE
17562217262817479550,ABIDE
17598599470795790973,ABIDE
17621936959806267722,ABIDE
17644900846110202576,ABIDE
1766379371355336246,ABIDE
1767246840904063665,ABIDE
17678721696979888004,ABIDE
17695577094121488716,ABIDE
17712825462775490123,ABIDE
17720865145265654953,ABIDE
1773332121342057432,ABIDE
17743290912131097439,ABIDE
17759310673371314878,ABIDE
17763617366950090014,ABIDE
17767431205564224860,ABIDE
17771230100805018657,ABIDE
17780124200719840520,ABIDE
17818494767409044232,ABIDE
17843303996820128544,ABIDE
1785372244590926936,ABIDE
17853998394589476169,ABIDE
17868795815431503013,ABIDE
17869475615016060942,ABIDE
17909358462600933995,ABIDE
17941767110411802370,ABIDE
17976325669150129927,ABIDE
17994519284039695029,ABIDE
18019768656553562658,ABIDE
18035342661747732940,ABIDE
1803542847423080281,ABIDE
18055932289587242864,ABIDE
18063639539130779536,ABIDE
18075915411734877189,ABIDE
1807941278723433237,ABIDE
18101364107927629918,ABIDE
18104779687429693616,ABIDE
18113750338853362988,ABIDE
18122490951819281638,ABIDE
18132103494187136848,ABIDE
18146476245136364756,ABIDE
18171287181557175972,ABIDE
18173493221427852567,ABIDE
18180549237031963932,ABIDE
1820477290491858272,ABIDE
18235732320380963114,ABIDE
18240361524600448474,ABIDE
1825548194256448448,ABIDE
18281983803382534746,ABIDE
18290021922236307117,ABIDE
18302400971533951070,ABIDE
18328535879330758438,ABIDE
18366111874396028328,ABIDE
18371117375609989077,ABIDE
18393885238183268886,ABIDE
18397483552669111857,ABIDE
18405996504862694428,ABIDE
18437859856385194816,ABIDE
1857579708700933169,ABIDE
1858664831471882229,ABIDE
1859391152352587238,ABIDE
1871465266881963310,ABIDE
1879255987392061313,ABIDE
1880705316063214854,ABIDE
1882738856315417770,ABIDE
1884751641964538852,ABIDE
1889744164464059464,ABIDE
1914812640147432297,ABIDE
1923397579467120711,ABIDE
1924621562516530754,ABIDE
1932355398536124106,ABIDE
196082714551372135,ABIDE
1980606409004075438,ABIDE
2009827934598618092,ABIDE
2044209019866151021,ABIDE
2073000513801939621,ABIDE
2075464946598651150,ABIDE
2085832085115228732,ABIDE
2109922784831529777,ABIDE
2114814162650213434,ABIDE
2123941519268515521,ABIDE
2134738113353693774,ABIDE
2167379964152488645,ABIDE
2187702261270761837,ABIDE
2227370521963332264,ABIDE
2231006770023620662,ABIDE
2233334184451076125,ABIDE
2242507443154115452,ABIDE
2263593867905829219,ABIDE
2279061886510106908,ABIDE
228103336523884890,ABIDE
2283717901493014116,ABIDE
2300805140061074030,ABIDE
2315057017472731342,ABIDE
2317819236790284304,ABIDE
2326652670687941403,ABIDE
2336251797641548628,ABIDE
2344024426504472657,ABIDE
2369282181808404088,ABIDE
2394186925037064538,ABIDE
2399646234768175156,ABIDE
2406419936294273409,ABIDE
2408274791111112164,ABIDE
2408864025719113121,ABIDE
2414547993821364730,ABIDE
2415837269272156932,ABIDE
2456139843625144231,ABIDE
2463759577176454720,ABIDE
2485089019298266510,ABIDE
248824992671445332,ABIDE
251834434659678369,ABIDE
2518641191831587237,ABIDE
2554088765836084571,ABIDE
2617815407501887195,ABIDE
2624705654989531752,ABIDE
269039526764629925,ABIDE
2691647632292406329,ABIDE
2693603107819512949,ABIDE
2702753790721716253,ABIDE
2733830780932157862,ABIDE
2737920167371076814,ABIDE
2748256255182844615,ABIDE
2762108278133022943,ABIDE
2762703472005704438,ABIDE
2769532208825207419,ABIDE
284170059197533140,ABIDE
2848232240603600516,ABIDE
2862249079673659391,ABIDE
2870676334677556774,ABIDE
2933257288562036872,ABIDE
294052706044479702,ABIDE
2960353983491019679,ABIDE
2974448046795062048,ABIDE
2982121349972811953,ABIDE
2984419316412666367,ABIDE
298792090943739510,ABIDE
2992751544752371711,ABIDE
2994108393674473882,ABIDE
300052118340976801,ABIDE
3007566657137527781,ABIDE
3017099803692806696,ABIDE
3087451564923430984,ABIDE
3089431205773012626,ABIDE
3093356110411251256,ABIDE
3108202319643550108,ABIDE
3109665849282120019,ABIDE
3114133745367707807,ABIDE
3118750038145878339,ABIDE
3122899686894485050,ABIDE
3184866547834896309,ABIDE
3201399839310119516,ABIDE
3222058787737503720,ABIDE
3270262061927851157,ABIDE
3297906047104073657,ABIDE
3317279857002955845,ABIDE
3327017312786464064,ABIDE
3337178800523935862,ABIDE
3340364108295278937,ABIDE
3364020328875844778,ABIDE
3369213453014636420,ABIDE
3378494873181969516,ABIDE
3391511647078492056,ABIDE
3458008925242802143,ABIDE
3496902480040228612,ABIDE
3505894093389199460,ABIDE
3509120345896469917,ABIDE
3513534968964187215,ABIDE
3513933557952946815,ABIDE
351487142570752827,ABIDE
3516669958732359420,ABIDE
3542597823009137692,ABIDE
3545582425480585891,ABIDE
3573738674348564622,ABIDE
3576409301338760838,ABIDE
3579368566355607855,ABIDE
3584113492361980248,ABIDE
3585471260544987118,ABIDE
3603113671771683597,ABIDE
361031530684211431,ABIDE
3611483257613201807,ABIDE
3621991204108589830,ABIDE
3626914921880587495,ABIDE
363074685980129823,ABIDE
3640469236459669754,ABIDE
3650638300634038019,ABIDE
365629336453812560,ABIDE
3671991478170505756,ABIDE
370214350040667064,ABIDE
3704565659783365872,ABIDE
372219183039998899,ABIDE
3725552275372014287,ABIDE
3771596312819714195,ABIDE
3792180006359000357,ABIDE
3806042026174799837,ABIDE
3827987384695963556,ABIDE
3862410895660002508,ABIDE
3870403298433180000,ABIDE
3888947644007907675,ABIDE
3891272232075253820,ABIDE
3946474157495652167,ABIDE
3961216805532032575,ABIDE
3985124960683880679,ABIDE
4084002381481689753,ABIDE
4160044592169746156,ABIDE
4172594266248532036,ABIDE
4206732089161139412,ABIDE
4221023024816128892,ABIDE
4241755090739485723,ABIDE
4245604412488878099,ABIDE
426449879371321663,ABIDE
4278808432363072553,ABIDE
4285470161618003859,ABIDE
4294894720990168430,ABIDE
4306639244415147701,ABIDE
4307499562891275239,ABIDE
4329599790196634731,ABIDE
4348677596815998991,ABIDE
4357780627514484739,ABIDE
4364191064269358583,ABIDE
4370792535830717457,ABIDE
4371497889900956059,ABIDE
4379505609203128367,ABIDE
44072936719174199,ABIDE
4425198707776324792,ABIDE
4482327643856182210,ABIDE
4532784743007266885,ABIDE
45361995158659835,ABIDE
4538417747832911179,ABIDE
455827997814293933,ABIDE
4567818491565151125,ABIDE
4596208384339674240,ABIDE
4599720236248679749,ABIDE
4626383569428654746,ABIDE
4631783487108018048,ABIDE
4637383016146861464,ABIDE
4675425126404211393,ABIDE
4689362523556545016,ABIDE
4699234509742506094,ABIDE
4777943871255629198,ABIDE
4797176508342180686,ABIDE
4816912088463386674,ABIDE
4836884284041235506,ABIDE
4837735141177056404,ABIDE
4847451923604949918,ABIDE
4858902521060915688,ABIDE
4875839994598447407,ABIDE
4882067892161576702,ABIDE
4910959028544759505,ABIDE
4912475425762272856,ABIDE
4923641484665289874,ABIDE
4924341834428704829,ABIDE
4929524216214633013,ABIDE
4965314060626382208,ABIDE
4968036937982205901,ABIDE
4975299443351733681,ABIDE
4994118606646676196,ABIDE
5029963332431745146,ABIDE
5036600661146828759,ABIDE
5044995550731398996,ABIDE
5048127647166127674,ABIDE
5083793847708805984,ABIDE
5124219640041861254,ABIDE
5135222473850637329,ABIDE
5136280426951295269,ABIDE
5142083837557032413,ABIDE
516929450283253402,ABIDE
5174041730092253771,ABIDE
5181409268393785348,ABIDE
5191990961794412721,ABIDE
521919601669803822,ABIDE
5223586935043372260,ABIDE
5255882058047687599,ABIDE
5272871305284831646,ABIDE
5321826171820027980,ABIDE
5326975539814671222,ABIDE
5334925531938239464,ABIDE
5385652776566995070,ABIDE
5401026837067263159,ABIDE
5431062140988025161,ABIDE
5433806549140975356,ABIDE
543790797367970451,ABIDE
5444923917587630814,ABIDE
5445477123871287750,ABIDE
5457805595750610367,ABIDE
5459313553394816302,ABIDE
5495577679125537512,ABIDE
5517476480137144098,ABIDE
5518887885071435992,ABIDE
5529372316938212993,ABIDE
5537931901371223178,ABIDE
554015374340136705,ABIDE
5546709431056127728,ABIDE
5555106242009096880,ABIDE
5643670941656456414,ABIDE
5684605679388724953,ABIDE
5693539675787062059,ABIDE
5704125962769648682,ABIDE
5724612581354152724,ABIDE
5760104758081754062,ABIDE
5761045981393820928,ABIDE
5767722544222645141,ABIDE
5771261091775362099,ABIDE
5778983720102490445,ABIDE
5790537972782282701,ABIDE
5794780923039676232,ABIDE
5796459677030456908,ABIDE
5803076678686249603,ABIDE
5811273726324091004,ABIDE
5870376692680782500,ABIDE
5892354546395887136,ABIDE
5987001014529477213,ABIDE
5991656024932720740,ABIDE
5997191568906142936,ABIDE
5999302237839232888,ABIDE
6010266638732097202,ABIDE
6025747022351864597,ABIDE
6040938484430686222,ABIDE
6058775108472220426,ABIDE
6080830720100649211,ABIDE
6090835997529942594,ABIDE
6094909099078587603,ABIDE
6095066000673027657,ABIDE
6130609499310845676,ABIDE
6131254337989152411,ABIDE
6145842518691768371,ABIDE
6155063771502100889,ABIDE
6163521666085811695,ABIDE
6204830900434343911,ABIDE
620906231736206289,ABIDE
6218057704107922313,ABIDE
6263197941012798825,ABIDE
6267682469576537535,ABIDE
6280661322169609371,ABIDE
6300603056479498876,ABIDE
6317812206335483098,ABIDE
6358108760422487788,ABIDE
6362958275326218968,ABIDE
6370319003065953838,ABIDE
6376551443264196245,ABIDE
6394246351639843062,ABIDE
6403408858296936227,ABIDE
6414993795562135047,ABIDE
6418624291147899322,ABIDE
6419879768379329576,ABIDE
6421633396373790182,ABIDE
6448911571379924188,ABIDE
6467427504111635176,ABIDE
6486385878325245147,ABIDE
6489808399423778465,ABIDE
653475140826696528,ABIDE
6561612642153367159,ABIDE
6575934165114237918,ABIDE
6583016164810147536,ABIDE
6590350573964737548,ABIDE
6596798199469944515,ABIDE
659743082602600608,ABIDE
6600435568083717040,ABIDE
6605361059954916479,ABIDE
6622020218512305844,ABIDE
665318638634648176,ABIDE
666057302908038508,ABIDE
6681661465243420740,ABIDE
6686822476418381335,ABIDE
6694482211121983800,ABIDE
6755910895454622152,ABIDE
6759849391661692909,ABIDE
677768218222950019,ABIDE
6789702224743688231,ABIDE
6793222155716860066,ABIDE
6802548046844199874,ABIDE
680469699132304666,ABIDE
6824280859585535178,ABIDE
6837177231373369835,ABIDE
6875085727954636821,ABIDE
6883991195173557452,ABIDE
6890126816385034846,ABIDE
6915251651395264326,ABIDE
693045477348321906,ABIDE
693879587009928611,ABIDE
6939684295674659919,ABIDE
6939725046234166262,ABIDE
6941208240728369598,ABIDE
6941346962720199636,ABIDE
694522659184750393,ABIDE
6948507320188267042,ABIDE
6962649006254922741,ABIDE
6974645403127461191,ABIDE
6979149163734606800,ABIDE
7017352593478100735,ABIDE
704545366374062239,ABIDE
7047418318773167608,ABIDE
705955639423368011,ABIDE
7088512102470210541,ABIDE
7090278327460271496,ABIDE
7092141909937269958,ABIDE
709437793726247683,ABIDE
710332206452811913,ABIDE
7108231313682110967,ABIDE
7111506141037153650,ABIDE
712520538022056786,ABIDE
712641811774695333,ABIDE
7141787984540246693,ABIDE
7142066056384599105,ABIDE
7163958461507484724,ABIDE
71707139186785067,ABIDE
7179331416123524154,ABIDE
7180174020563566958,ABIDE
7193465023915093220,ABIDE
7196345648112412157,ABIDE
7205717470193619936,ABIDE
7210917338699122248,ABIDE
7223236323395509661,ABIDE
723076768831440659,ABIDE
7236896185856005487,ABIDE
7237403355652569063,ABIDE
7242051816205579692,ABIDE
7248092980559877080,ABIDE
7284658077438998645,ABIDE
7291861476551938439,ABIDE
7295963129506734424,ABIDE
7297788469305231338,ABIDE
7299511772640352337,ABIDE
731324477286086739,ABIDE
7349257507387686120,ABIDE
7349639245751618420,ABIDE
7384814230083574260,ABIDE
7394183015984155601,ABIDE
7397505652909365120,ABIDE
7408981410450172238,ABIDE
7410127052127616363,ABIDE
741171891020402593,ABIDE
7424332414628877016,ABIDE
7437233119762538959,ABIDE
7466150067722601755,ABIDE
748076004563486788,ABIDE
7497336720738382888,ABIDE
7559463343539100369,ABIDE
757341298860414893,ABIDE
7588692838816715876,ABIDE
7601951803842575252,ABIDE
7625048414513408910,ABIDE
7633670766676663075,ABIDE
7634594865864939269,ABIDE
7643199759602744603,ABIDE
7647960359022394707,ABIDE
7662432302880546717,ABIDE
7691059079374080614,ABIDE
7695359884351311651,ABIDE
7703382901071148395,ABIDE
7706754023990004085,ABIDE
7715301840923971479,ABIDE
7775746669532535533,ABIDE
7789126193351344754,ABIDE
7808973240493555703,ABIDE
7812338356484742683,ABIDE
7817357885643432339,ABIDE
7818758331612680128,ABIDE
7842487878439389006,ABIDE
7874028805521774801,ABIDE
7874498584216048106,ABIDE
7891970636269676378,ABIDE
7904188118868401594,ABIDE
7916530588718024841,ABIDE
7923881756931366609,ABIDE
796117693103640774,ABIDE
7961441323710643344,ABIDE
7972173534445805846,ABIDE
7987502456125842082,ABIDE
8005987433942226638,ABIDE
8010122542433120572,ABIDE
8013633467934886374,ABIDE
8023973518455906882,ABIDE
8045836953408774531,ABIDE
8046206826227554282,ABIDE
805048801547934547,ABIDE
8058929583230058357,ABIDE
8090862932667548061,ABIDE
8093086263759882494,ABIDE
8120089415360219319,ABIDE
8123384670308137563,ABIDE
8147590043365159471,ABIDE
8148529376421060913,ABIDE
8188606489003167029,ABIDE
8202626753881182953,ABIDE
8206019543922056165,ABIDE
8215795869436819873,ABIDE
8228627902859312989,ABIDE
8228803928078653780,ABIDE
8254152516100053401,ABIDE
8255302548521160061,ABIDE
8262495494925285562,ABIDE
8313142558970467479,ABIDE
8314109076733694007,ABIDE
8317793618671288375,ABIDE
8324521598208534718,ABIDE
8350314501556174012,ABIDE
8360002850655100234,ABIDE
8378936347998768218,ABIDE
8388425640168888665,ABIDE
8428986045619743731,ABIDE
8440136552863560742,ABIDE
8444511832585725966,ABIDE
8486188441605162812,ABIDE
8498381773020686909,ABIDE
8522391417523297412,ABIDE
8594809099092967641,ABIDE
8604088705329748243,ABIDE
8607365337487878111,ABIDE
863539184712500671,ABIDE
8647458245548746374,ABIDE
8657774379486090170,ABIDE
8682347016353213274,ABIDE
8696883869930781569,ABIDE
8753951441057385771,ABIDE
8769209046080908750,ABIDE
8773023546385298217,ABIDE
8787752940515069547,ABIDE
8797865049371315550,ABIDE
8818770057582598150,ABIDE
8851782126737109946,ABIDE
8869316065865571601,ABIDE
8884298256472362623,ABIDE
8894964673439467534,ABIDE
8899078651669495220,ABIDE
8899808591206209849,ABIDE
8899860435498684364,ABIDE
8913903238652743322,ABIDE
8945703093962660744,ABIDE
8948625876768432579,ABIDE
8949204070608673381,ABIDE
8967138964840794696,ABIDE
8976341902356705424,ABIDE
8998735734811638280,ABIDE
9029128901663065911,ABIDE
9033531949148953633,ABIDE
9057622900394015793,ABIDE
9091964210371819553,ABIDE
9107623325421867604,ABIDE
9121764908593996598,ABIDE
9134754846138994916,ABIDE
9137699730772697073,ABIDE
9142942385768211283,ABIDE
9144685686382590821,ABIDE
9148943449993839960,ABIDE
9153298504548778957,ABIDE
9160736635148228083,ABIDE
9187938134778784216,ABIDE
9203841576719287174,ABIDE
9207712590418396743,ABIDE
9213981989782687082,ABIDE
9214718732756124692,ABIDE
9241171118077103117,ABIDE
9244089430407288822,ABIDE
925493506060134004,ABIDE
9301968646917127303,ABIDE
9309994439127484947,ABIDE
9324848415768224920,ABIDE
9355855310060357161,ABIDE
9388209919682696971,ABIDE
9390779105161950724,ABIDE
9393712594539961936,ABIDE
9418420251279473503,ABIDE
9424643212991639813,ABIDE
9430054059303584321,ABIDE
9461345611763620435,ABIDE
9483982908108698531,ABIDE
9496952744083662074,ABIDE
9511556583296610809,ABIDE
9522989434472289301,ABIDE
954528540338790668,ABIDE
9549220942075223164,ABIDE
9552232490045125405,ABIDE
9556182826304683136,ABIDE
9560747364768383888,ABIDE
9570576457168596945,ABIDE
9629081412613838659,ABIDE
9631126517716256973,ABIDE
9631454807309118543,ABIDE
9633178830526199172,ABIDE
9675220610400000046,ABIDE
9677663032899144307,ABIDE
9677939963554296378,ABIDE
9701984015616676139,ABIDE
971273507580097551,ABIDE
9728644869016088044,ABIDE
9748569960048445,ABIDE
9790024907849746097,ABIDE
9793739284124178960,ABIDE
980468418353890108,ABIDE
9806289984924172357,ABIDE
9828589317757742860,ABIDE
9861859263416057262,ABIDE
9870257559303432777,ABIDE
9879008448392456556,ABIDE
9882335572497386794,ABIDE
9900124300111423170,ABIDE
9906557410173564411,ABIDE
9915556264164993913,ABIDE
9931828537209153506,ABIDE
9968435306742711551,ABIDE
9996884498929238594,ABIDE
